発表日（初出）	解ける問題	論文	対象サイズ	見積もりの種類	実験実施	論理量子ビット(q)	物理量子ビット(q)	Toffoli数	Tゲート数	Cliffordゲート数	その他論理ゲート数	深さ/サイクル(count)	実行時間(s)	時空間体積(qubit-days)	デバイス	誤り訂正符号	物理量子ビット種	物理エラー率(fraction)	code distance	cycle/測定時間(s)	reaction time(s)	shot/run(count)	retry risk(fraction)	論理エラー率推定(fraction)	論理エラー率推定根拠	通信・その他仮定	数値根拠	備考	古典計算時間(s)	古典/量子時間比	古典計算仮定	古典計算根拠
2012-08-04	整数の素因数分解	[Fowler et al. 2012](https://arxiv.org/pdf/1208.0928#page=2)	N=2000 bits	surface code概算 / 後続節の小規模見積もり	0	4e3	1.3e8	3.2e11	NA	NA	NA	NA	9.612e4	NA	surface code	surface code	not specified	1e-3	NA	NA	NA	NA	NA	NA	NA	NA	論理量子ビット: [4e3](https://arxiv.org/pdf/1208.0928#page=2); 物理量子ビット: [1.3e8](https://arxiv.org/pdf/1208.0928#page=12); Toffoli数: [40N^3 = 3.2e11](https://arxiv.org/pdf/1208.0928#page=2); 実行時間: [9.612e4](https://arxiv.org/pdf/1208.0928#page=12); 物理エラー率: [1e-3](https://arxiv.org/pdf/1208.0928#page=12)	RSA-2048ではなくN=2000 bit。Toffoli数はN=2000の40N^3。他ゲート種の総数はこの表では記載なし。非ゲート資源: [280N^3 ~= 2.2e12 AL states](https://arxiv.org/pdf/1208.0928#page=2)	NA	NA	NA	NA
2012-08-04	整数の素因数分解	[Fowler et al. 2012](https://arxiv.org/pdf/1208.0928#page=2)	N=2000 bits	surface code概算 / 本文概算	0	4e3	1e9	3.2e11	NA	NA	NA	NA	8.64e4	NA	surface code	surface code	not specified	1e-3	NA	NA	NA	NA	NA	NA	NA	NA	論理量子ビット: [4e3](https://arxiv.org/pdf/1208.0928#page=2); 物理量子ビット: [1e9](https://arxiv.org/pdf/1208.0928#page=2); Toffoli数: [40N^3 = 3.2e11](https://arxiv.org/pdf/1208.0928#page=2); 実行時間: [8.64e4](https://arxiv.org/pdf/1208.0928#page=2); 物理エラー率: [1e-3](https://arxiv.org/pdf/1208.0928#page=12)	RSA-2048ではなくN=2000 bit。Toffoli数はN=2000の40N^3。他ゲート種の総数はこの表では記載なし。非ゲート資源: [280N^3 ~= 2.2e12 AL states](https://arxiv.org/pdf/1208.0928#page=2)	NA	NA	NA	NA
2016-05-11	量子化学 / FeMocoエネルギー推定	[Reiher et al. 2016 Table II](https://arxiv.org/pdf/1605.03590#page=7)	FeMoco Structure 1, 0.1 mHa	surface-code error correction / Nested rotations / logical qubits option 1	0	1.09e2	3e7	NA	NA	NA	NA	NA	1.296e6	NA	surface code	surface code	not specified	1e-6	9e0	1e-8	NA	NA	NA	NA	NA	error target 0.1 mHa	NA	Table IIの総物理量子ビット。Table II captionはStructure 1をTable I記載時間内に計算する資源と説明。Nested rotationsのTable I runtimeは15 days。T factories・rotation factoriesを含む。論理ゲート種の総数はTable IIには記載なし。 状態準備: QPEに十分よいtrial stateが使えることを仮定し、その準備コストは含めない。Appendix FでHartree-Fock/CI/adiabatic state preparationを議論するが、FeMocoの十分高精度な近似基底状態準備コストは決めていない。	NA	NA	NA	NA
2016-05-11	量子化学 / FeMocoエネルギー推定	[Reiher et al. 2016 Table II](https://arxiv.org/pdf/1605.03590#page=7)	FeMoco Structure 1, 0.1 mHa	surface-code error correction / Nested rotations / logical qubits option 1	0	1.09e2	5.2e6	NA	NA	NA	NA	NA	1.296e6	NA	surface code	surface code	not specified	1e-9	5e0	1e-8	NA	NA	NA	NA	NA	error target 0.1 mHa	NA	Table IIの総物理量子ビット。Table II captionはStructure 1をTable I記載時間内に計算する資源と説明。Nested rotationsのTable I runtimeは15 days。T factories・rotation factoriesを含む。論理ゲート種の総数はTable IIには記載なし。 状態準備: QPEに十分よいtrial stateが使えることを仮定し、その準備コストは含めない。Appendix FでHartree-Fock/CI/adiabatic state preparationを議論するが、FeMocoの十分高精度な近似基底状態準備コストは決めていない。	NA	NA	NA	NA
2016-05-11	量子化学 / FeMocoエネルギー推定	[Reiher et al. 2016 Table II](https://arxiv.org/pdf/1605.03590#page=7)	FeMoco Structure 1, 0.1 mHa	surface-code error correction / Nested rotations / logical qubits option 1 / code distance option 1	0	1.09e2	5.1e9	NA	NA	NA	NA	NA	1.296e6	NA	surface code	surface code	not specified	1e-3	3.7e1	1e-8	NA	NA	NA	NA	NA	error target 0.1 mHa	NA	Table IIの総物理量子ビット。Table II captionはStructure 1をTable I記載時間内に計算する資源と説明。Nested rotationsのTable I runtimeは15 days。T factories・rotation factoriesを含む。論理ゲート種の総数はTable IIには記載なし。 状態準備: QPEに十分よいtrial stateが使えることを仮定し、その準備コストは含めない。Appendix FでHartree-Fock/CI/adiabatic state preparationを議論するが、FeMocoの十分高精度な近似基底状態準備コストは決めていない。	NA	NA	NA	NA
2016-05-11	量子化学 / FeMocoエネルギー推定	[Reiher et al. 2016 Table II](https://arxiv.org/pdf/1605.03590#page=7)	FeMoco Structure 1, 0.1 mHa	surface-code error correction / Nested rotations / logical qubits option 2	0	1.11e2	3e7	NA	NA	NA	NA	NA	1.296e6	NA	surface code	surface code	not specified	1e-6	9e0	1e-8	NA	NA	NA	NA	NA	error target 0.1 mHa	NA	Table IIの総物理量子ビット。Table II captionはStructure 1をTable I記載時間内に計算する資源と説明。Nested rotationsのTable I runtimeは15 days。T factories・rotation factoriesを含む。論理ゲート種の総数はTable IIには記載なし。 状態準備: QPEに十分よいtrial stateが使えることを仮定し、その準備コストは含めない。Appendix FでHartree-Fock/CI/adiabatic state preparationを議論するが、FeMocoの十分高精度な近似基底状態準備コストは決めていない。	NA	NA	NA	NA
2016-05-11	量子化学 / FeMocoエネルギー推定	[Reiher et al. 2016 Table II](https://arxiv.org/pdf/1605.03590#page=7)	FeMoco Structure 1, 0.1 mHa	surface-code error correction / Nested rotations / logical qubits option 2	0	1.11e2	5.2e6	NA	NA	NA	NA	NA	1.296e6	NA	surface code	surface code	not specified	1e-9	5e0	1e-8	NA	NA	NA	NA	NA	error target 0.1 mHa	NA	Table IIの総物理量子ビット。Table II captionはStructure 1をTable I記載時間内に計算する資源と説明。Nested rotationsのTable I runtimeは15 days。T factories・rotation factoriesを含む。論理ゲート種の総数はTable IIには記載なし。 状態準備: QPEに十分よいtrial stateが使えることを仮定し、その準備コストは含めない。Appendix FでHartree-Fock/CI/adiabatic state preparationを議論するが、FeMocoの十分高精度な近似基底状態準備コストは決めていない。	NA	NA	NA	NA
2016-05-11	量子化学 / FeMocoエネルギー推定	[Reiher et al. 2016 Table II](https://arxiv.org/pdf/1605.03590#page=7)	FeMoco Structure 1, 0.1 mHa	surface-code error correction / Nested rotations / logical qubits option 2 / code distance option 2	0	1.11e2	5.1e9	NA	NA	NA	NA	NA	1.296e6	NA	surface code	surface code	not specified	1e-3	1.7e1	1e-8	NA	NA	NA	NA	NA	error target 0.1 mHa	NA	Table IIの総物理量子ビット。Table II captionはStructure 1をTable I記載時間内に計算する資源と説明。Nested rotationsのTable I runtimeは15 days。T factories・rotation factoriesを含む。論理ゲート種の総数はTable IIには記載なし。 状態準備: QPEに十分よいtrial stateが使えることを仮定し、その準備コストは含めない。Appendix FでHartree-Fock/CI/adiabatic state preparationを議論するが、FeMocoの十分高精度な近似基底状態準備コストは決めていない。	NA	NA	NA	NA
2016-05-11	量子化学 / FeMocoエネルギー推定	[Reiher et al. 2016 Table II](https://arxiv.org/pdf/1605.03590#page=7)	FeMoco Structure 1, 0.1 mHa	surface-code error correction / PAR rotations / logical qubits option 1	0	1.09e2	1.5e8	NA	NA	NA	NA	NA	3.96e5	NA	surface code	surface code	not specified	1e-9	5e0	1e-8	NA	NA	NA	NA	NA	error target 0.1 mHa	NA	Table IIの総物理量子ビット。Table II captionはStructure 1をTable I記載時間内に計算する資源と説明。PAR rotationsのTable I runtimeは110 hours。T factories・rotation factoriesを含む。論理ゲート種の総数はTable IIには記載なし。 状態準備: QPEに十分よいtrial stateが使えることを仮定し、その準備コストは含めない。Appendix FでHartree-Fock/CI/adiabatic state preparationを議論するが、FeMocoの十分高精度な近似基底状態準備コストは決めていない。	NA	NA	NA	NA
2016-05-11	量子化学 / FeMocoエネルギー推定	[Reiher et al. 2016 Table II](https://arxiv.org/pdf/1605.03590#page=7)	FeMoco Structure 1, 0.1 mHa	surface-code error correction / PAR rotations / logical qubits option 1 / code distance option 1	0	1.09e2	1.8e11	NA	NA	NA	NA	NA	3.96e5	NA	surface code	surface code	not specified	1e-3	3.7e1	1e-8	NA	NA	NA	NA	NA	error target 0.1 mHa	NA	Table IIの総物理量子ビット。Table II captionはStructure 1をTable I記載時間内に計算する資源と説明。PAR rotationsのTable I runtimeは110 hours。T factories・rotation factoriesを含む。論理ゲート種の総数はTable IIには記載なし。 状態準備: QPEに十分よいtrial stateが使えることを仮定し、その準備コストは含めない。Appendix FでHartree-Fock/CI/adiabatic state preparationを議論するが、FeMocoの十分高精度な近似基底状態準備コストは決めていない。	NA	NA	NA	NA
2016-05-11	量子化学 / FeMocoエネルギー推定	[Reiher et al. 2016 Table II](https://arxiv.org/pdf/1605.03590#page=7)	FeMoco Structure 1, 0.1 mHa	surface-code error correction / PAR rotations / logical qubits option 1 / code distance option 1	0	1.09e2	3.1e9	NA	NA	NA	NA	NA	3.96e5	NA	surface code	surface code	not specified	1e-6	9e0	1e-8	NA	NA	NA	NA	NA	error target 0.1 mHa	NA	Table IIの総物理量子ビット。Table II captionはStructure 1をTable I記載時間内に計算する資源と説明。PAR rotationsのTable I runtimeは110 hours。T factories・rotation factoriesを含む。論理ゲート種の総数はTable IIには記載なし。 状態準備: QPEに十分よいtrial stateが使えることを仮定し、その準備コストは含めない。Appendix FでHartree-Fock/CI/adiabatic state preparationを議論するが、FeMocoの十分高精度な近似基底状態準備コストは決めていない。	NA	NA	NA	NA
2016-05-11	量子化学 / FeMocoエネルギー推定	[Reiher et al. 2016 Table II](https://arxiv.org/pdf/1605.03590#page=7)	FeMoco Structure 1, 0.1 mHa	surface-code error correction / PAR rotations / logical qubits option 2	0	1.11e2	1.5e8	NA	NA	NA	NA	NA	3.96e5	NA	surface code	surface code	not specified	1e-9	5e0	1e-8	NA	NA	NA	NA	NA	error target 0.1 mHa	NA	Table IIの総物理量子ビット。Table II captionはStructure 1をTable I記載時間内に計算する資源と説明。PAR rotationsのTable I runtimeは110 hours。T factories・rotation factoriesを含む。論理ゲート種の総数はTable IIには記載なし。 状態準備: QPEに十分よいtrial stateが使えることを仮定し、その準備コストは含めない。Appendix FでHartree-Fock/CI/adiabatic state preparationを議論するが、FeMocoの十分高精度な近似基底状態準備コストは決めていない。	NA	NA	NA	NA
2016-05-11	量子化学 / FeMocoエネルギー推定	[Reiher et al. 2016 Table II](https://arxiv.org/pdf/1605.03590#page=7)	FeMoco Structure 1, 0.1 mHa	surface-code error correction / PAR rotations / logical qubits option 2 / code distance option 2	0	1.11e2	1.8e11	NA	NA	NA	NA	NA	3.96e5	NA	surface code	surface code	not specified	1e-3	1.9e1	1e-8	NA	NA	NA	NA	NA	error target 0.1 mHa	NA	Table IIの総物理量子ビット。Table II captionはStructure 1をTable I記載時間内に計算する資源と説明。PAR rotationsのTable I runtimeは110 hours。T factories・rotation factoriesを含む。論理ゲート種の総数はTable IIには記載なし。 状態準備: QPEに十分よいtrial stateが使えることを仮定し、その準備コストは含めない。Appendix FでHartree-Fock/CI/adiabatic state preparationを議論するが、FeMocoの十分高精度な近似基底状態準備コストは決めていない。	NA	NA	NA	NA
2016-05-11	量子化学 / FeMocoエネルギー推定	[Reiher et al. 2016 Table II](https://arxiv.org/pdf/1605.03590#page=7)	FeMoco Structure 1, 0.1 mHa	surface-code error correction / PAR rotations / logical qubits option 2 / code distance option 2	0	1.11e2	3.1e9	NA	NA	NA	NA	NA	3.96e5	NA	surface code	surface code	not specified	1e-6	5e0	1e-8	NA	NA	NA	NA	NA	error target 0.1 mHa	NA	Table IIの総物理量子ビット。Table II captionはStructure 1をTable I記載時間内に計算する資源と説明。PAR rotationsのTable I runtimeは110 hours。T factories・rotation factoriesを含む。論理ゲート種の総数はTable IIには記載なし。 状態準備: QPEに十分よいtrial stateが使えることを仮定し、その準備コストは含めない。Appendix FでHartree-Fock/CI/adiabatic state preparationを議論するが、FeMocoの十分高精度な近似基底状態準備コストは決めていない。	NA	NA	NA	NA
2016-05-11	量子化学 / FeMocoエネルギー推定	[Reiher et al. 2016 Table II](https://arxiv.org/pdf/1605.03590#page=7)	FeMoco Structure 1, 0.1 mHa	surface-code error correction / Serial rotations / logical qubits option 1	0	1.09e2	1.2e6	NA	NA	NA	NA	NA	1.123e7	NA	surface code	surface code	not specified	1e-6	9e0	1e-8	NA	NA	NA	NA	NA	error target 0.1 mHa	NA	Table IIの総物理量子ビット。Table II captionはStructure 1をTable I記載時間内に計算する資源と説明。Serial rotationsのTable I runtimeは130 days。T factories・rotation factoriesを含む。論理ゲート種の総数はTable IIには記載なし。 状態準備: QPEに十分よいtrial stateが使えることを仮定し、その準備コストは含めない。Appendix FでHartree-Fock/CI/adiabatic state preparationを議論するが、FeMocoの十分高精度な近似基底状態準備コストは決めていない。	NA	NA	NA	NA
2016-05-11	量子化学 / FeMocoエネルギー推定	[Reiher et al. 2016 Table II](https://arxiv.org/pdf/1605.03590#page=7)	FeMoco Structure 1, 0.1 mHa	surface-code error correction / Serial rotations / logical qubits option 1	0	1.09e2	2.3e5	NA	NA	NA	NA	NA	1.123e7	NA	surface code	surface code	not specified	1e-9	5e0	1e-8	NA	NA	NA	NA	NA	error target 0.1 mHa	NA	Table IIの総物理量子ビット。Table II captionはStructure 1をTable I記載時間内に計算する資源と説明。Serial rotationsのTable I runtimeは130 days。T factories・rotation factoriesを含む。論理ゲート種の総数はTable IIには記載なし。 状態準備: QPEに十分よいtrial stateが使えることを仮定し、その準備コストは含めない。Appendix FでHartree-Fock/CI/adiabatic state preparationを議論するが、FeMocoの十分高精度な近似基底状態準備コストは決めていない。	NA	NA	NA	NA
2016-05-11	量子化学 / FeMocoエネルギー推定	[Reiher et al. 2016 Table II](https://arxiv.org/pdf/1605.03590#page=7)	FeMoco Structure 1, 0.1 mHa	surface-code error correction / Serial rotations / logical qubits option 1 / code distance option 1	0	1.09e2	1.8e8	NA	NA	NA	NA	NA	1.123e7	NA	surface code	surface code	not specified	1e-3	3.5e1	1e-8	NA	NA	NA	NA	NA	error target 0.1 mHa	NA	Table IIの総物理量子ビット。Table II captionはStructure 1をTable I記載時間内に計算する資源と説明。Serial rotationsのTable I runtimeは130 days。T factories・rotation factoriesを含む。論理ゲート種の総数はTable IIには記載なし。 状態準備: QPEに十分よいtrial stateが使えることを仮定し、その準備コストは含めない。Appendix FでHartree-Fock/CI/adiabatic state preparationを議論するが、FeMocoの十分高精度な近似基底状態準備コストは決めていない。	NA	NA	NA	NA
2016-05-11	量子化学 / FeMocoエネルギー推定	[Reiher et al. 2016 Table II](https://arxiv.org/pdf/1605.03590#page=7)	FeMoco Structure 1, 0.1 mHa	surface-code error correction / Serial rotations / logical qubits option 2	0	1.11e2	1.2e6	NA	NA	NA	NA	NA	1.123e7	NA	surface code	surface code	not specified	1e-6	9e0	1e-8	NA	NA	NA	NA	NA	error target 0.1 mHa	NA	Table IIの総物理量子ビット。Table II captionはStructure 1をTable I記載時間内に計算する資源と説明。Serial rotationsのTable I runtimeは130 days。T factories・rotation factoriesを含む。論理ゲート種の総数はTable IIには記載なし。 状態準備: QPEに十分よいtrial stateが使えることを仮定し、その準備コストは含めない。Appendix FでHartree-Fock/CI/adiabatic state preparationを議論するが、FeMocoの十分高精度な近似基底状態準備コストは決めていない。	NA	NA	NA	NA
2016-05-11	量子化学 / FeMocoエネルギー推定	[Reiher et al. 2016 Table II](https://arxiv.org/pdf/1605.03590#page=7)	FeMoco Structure 1, 0.1 mHa	surface-code error correction / Serial rotations / logical qubits option 2	0	1.11e2	2.3e5	NA	NA	NA	NA	NA	1.123e7	NA	surface code	surface code	not specified	1e-9	5e0	1e-8	NA	NA	NA	NA	NA	error target 0.1 mHa	NA	Table IIの総物理量子ビット。Table II captionはStructure 1をTable I記載時間内に計算する資源と説明。Serial rotationsのTable I runtimeは130 days。T factories・rotation factoriesを含む。論理ゲート種の総数はTable IIには記載なし。 状態準備: QPEに十分よいtrial stateが使えることを仮定し、その準備コストは含めない。Appendix FでHartree-Fock/CI/adiabatic state preparationを議論するが、FeMocoの十分高精度な近似基底状態準備コストは決めていない。	NA	NA	NA	NA
2016-05-11	量子化学 / FeMocoエネルギー推定	[Reiher et al. 2016 Table II](https://arxiv.org/pdf/1605.03590#page=7)	FeMoco Structure 1, 0.1 mHa	surface-code error correction / Serial rotations / logical qubits option 2 / code distance option 2	0	1.11e2	1.8e8	NA	NA	NA	NA	NA	1.123e7	NA	surface code	surface code	not specified	1e-3	1.7e1	1e-8	NA	NA	NA	NA	NA	error target 0.1 mHa	NA	Table IIの総物理量子ビット。Table II captionはStructure 1をTable I記載時間内に計算する資源と説明。Serial rotationsのTable I runtimeは130 days。T factories・rotation factoriesを含む。論理ゲート種の総数はTable IIには記載なし。 状態準備: QPEに十分よいtrial stateが使えることを仮定し、その準備コストは含めない。Appendix FでHartree-Fock/CI/adiabatic state preparationを議論するが、FeMocoの十分高精度な近似基底状態準備コストは決めていない。	NA	NA	NA	NA
2016-05-11	量子化学 / FeMocoエネルギー推定	[Reiher et al. 2016 Table I](https://arxiv.org/pdf/1605.03590#page=5)	FeMoco Structure 1 / Nesting, 0.1 mHa	Trotter-Suzuki + QPE / 論理見積もり	0	1.35e2	NA	NA	3.5e15	5.7e15	NA	NA	1.296e6	NA	論理ゲートモデル	NA	NA	NA	NA	1e-8	NA	NA	NA	NA	NA	Clifford circuits require negligible time	NA	Structure 1は54 electrons in 54 spatial orbitals、Structure 2は65 electrons in 57 spatial orbitals。物理実装はこのTable I行には含まれない。Structure 1・0.1 mHaについては同論文Table IIのsurface-code物理見積もりを別行に分けた。 状態準備: QPEに十分よいtrial stateが使えることを仮定し、その準備コストは含めない。Appendix FでHartree-Fock/CI/adiabatic state preparationを議論するが、FeMocoの十分高精度な近似基底状態準備コストは決めていない。	NA	NA	NA	NA
2016-05-11	量子化学 / FeMocoエネルギー推定	[Reiher et al. 2016 Table I](https://arxiv.org/pdf/1605.03590#page=5)	FeMoco Structure 1 / Nesting, 1 mHa	Trotter-Suzuki + QPE / 論理見積もり	0	1.35e2	NA	NA	3.3e14	5.6e14	NA	NA	1.21e5	NA	論理ゲートモデル	NA	NA	NA	NA	1e-8	NA	NA	NA	NA	NA	Clifford circuits require negligible time	NA	Structure 1は54 electrons in 54 spatial orbitals、Structure 2は65 electrons in 57 spatial orbitals。物理実装はこのTable I行には含まれない。Structure 1・0.1 mHaについては同論文Table IIのsurface-code物理見積もりを別行に分けた。 状態準備: QPEに十分よいtrial stateが使えることを仮定し、その準備コストは含めない。Appendix FでHartree-Fock/CI/adiabatic state preparationを議論するが、FeMocoの十分高精度な近似基底状態準備コストは決めていない。	NA	NA	NA	NA
2016-05-11	量子化学 / FeMocoエネルギー推定	[Reiher et al. 2016 Table I](https://arxiv.org/pdf/1605.03590#page=5)	FeMoco Structure 1 / PAR, 0.1 mHa	Trotter-Suzuki + QPE / 論理見積もり	0	1.982e3	NA	NA	3.1e16	3.1e16	NA	NA	3.96e5	NA	論理ゲートモデル	NA	NA	NA	NA	1e-8	NA	NA	NA	NA	NA	Clifford circuits require negligible time	NA	Structure 1は54 electrons in 54 spatial orbitals、Structure 2は65 electrons in 57 spatial orbitals。物理実装はこのTable I行には含まれない。Structure 1・0.1 mHaについては同論文Table IIのsurface-code物理見積もりを別行に分けた。 状態準備: QPEに十分よいtrial stateが使えることを仮定し、その準備コストは含めない。Appendix FでHartree-Fock/CI/adiabatic state preparationを議論するが、FeMocoの十分高精度な近似基底状態準備コストは決めていない。	NA	NA	NA	NA
2016-05-11	量子化学 / FeMocoエネルギー推定	[Reiher et al. 2016 Table I](https://arxiv.org/pdf/1605.03590#page=5)	FeMoco Structure 1 / PAR, 1 mHa	Trotter-Suzuki + QPE / 論理見積もり	0	1.982e3	NA	NA	3e15	3e15	NA	NA	3.96e4	NA	論理ゲートモデル	NA	NA	NA	NA	1e-8	NA	NA	NA	NA	NA	Clifford circuits require negligible time	NA	Structure 1は54 electrons in 54 spatial orbitals、Structure 2は65 electrons in 57 spatial orbitals。物理実装はこのTable I行には含まれない。Structure 1・0.1 mHaについては同論文Table IIのsurface-code物理見積もりを別行に分けた。 状態準備: QPEに十分よいtrial stateが使えることを仮定し、その準備コストは含めない。Appendix FでHartree-Fock/CI/adiabatic state preparationを議論するが、FeMocoの十分高精度な近似基底状態準備コストは決めていない。	NA	NA	NA	NA
2016-05-11	量子化学 / FeMocoエネルギー推定	[Reiher et al. 2016 Table I](https://arxiv.org/pdf/1605.03590#page=5)	FeMoco Structure 1 / Serial, 0.1 mHa	Trotter-Suzuki + QPE / 論理見積もり	0	1.11e2	NA	NA	1.1e15	1.7e15	NA	NA	1.123e7	NA	論理ゲートモデル	NA	NA	NA	NA	1e-8	NA	NA	NA	NA	NA	Clifford circuits require negligible time	NA	Structure 1は54 electrons in 54 spatial orbitals、Structure 2は65 electrons in 57 spatial orbitals。物理実装はこのTable I行には含まれない。Structure 1・0.1 mHaについては同論文Table IIのsurface-code物理見積もりを別行に分けた。 状態準備: QPEに十分よいtrial stateが使えることを仮定し、その準備コストは含めない。Appendix FでHartree-Fock/CI/adiabatic state preparationを議論するが、FeMocoの十分高精度な近似基底状態準備コストは決めていない。	NA	NA	NA	NA
2016-05-11	量子化学 / FeMocoエネルギー推定	[Reiher et al. 2016 Table I](https://arxiv.org/pdf/1605.03590#page=5)	FeMoco Structure 1 / Serial, 1 mHa	Trotter-Suzuki + QPE / 論理見積もり	0	1.11e2	NA	NA	1e14	1.6e14	NA	NA	1.037e6	NA	論理ゲートモデル	NA	NA	NA	NA	1e-8	NA	NA	NA	NA	NA	Clifford circuits require negligible time	NA	Structure 1は54 electrons in 54 spatial orbitals、Structure 2は65 electrons in 57 spatial orbitals。物理実装はこのTable I行には含まれない。Structure 1・0.1 mHaについては同論文Table IIのsurface-code物理見積もりを別行に分けた。 状態準備: QPEに十分よいtrial stateが使えることを仮定し、その準備コストは含めない。Appendix FでHartree-Fock/CI/adiabatic state preparationを議論するが、FeMocoの十分高精度な近似基底状態準備コストは決めていない。	NA	NA	NA	NA
2016-05-11	量子化学 / FeMocoエネルギー推定	[Reiher et al. 2016 Table I](https://arxiv.org/pdf/1605.03590#page=5)	FeMoco Structure 2 / Nesting, 0.1 mHa	Trotter-Suzuki + QPE / 論理見積もり	0	1.42e2	NA	NA	6.5e15	1e16	NA	NA	2.333e6	NA	論理ゲートモデル	NA	NA	NA	NA	1e-8	NA	NA	NA	NA	NA	Clifford circuits require negligible time	NA	Structure 1は54 electrons in 54 spatial orbitals、Structure 2は65 electrons in 57 spatial orbitals。物理実装はこのTable I行には含まれない。Structure 1・0.1 mHaについては同論文Table IIのsurface-code物理見積もりを別行に分けた。 状態準備: QPEに十分よいtrial stateが使えることを仮定し、その準備コストは含めない。Appendix FでHartree-Fock/CI/adiabatic state preparationを議論するが、FeMocoの十分高精度な近似基底状態準備コストは決めていない。	NA	NA	NA	NA
2016-05-11	量子化学 / FeMocoエネルギー推定	[Reiher et al. 2016 Table I](https://arxiv.org/pdf/1605.03590#page=5)	FeMoco Structure 2 / Nesting, 1 mHa	Trotter-Suzuki + QPE / 論理見積もり	0	1.42e2	NA	NA	6e14	9.9e14	NA	NA	2.16e5	NA	論理ゲートモデル	NA	NA	NA	NA	1e-8	NA	NA	NA	NA	NA	Clifford circuits require negligible time	NA	Structure 1は54 electrons in 54 spatial orbitals、Structure 2は65 electrons in 57 spatial orbitals。物理実装はこのTable I行には含まれない。Structure 1・0.1 mHaについては同論文Table IIのsurface-code物理見積もりを別行に分けた。 状態準備: QPEに十分よいtrial stateが使えることを仮定し、その準備コストは含めない。Appendix FでHartree-Fock/CI/adiabatic state preparationを議論するが、FeMocoの十分高精度な近似基底状態準備コストは決めていない。	NA	NA	NA	NA
2016-05-11	量子化学 / FeMocoエネルギー推定	[Reiher et al. 2016 Table I](https://arxiv.org/pdf/1605.03590#page=5)	FeMoco Structure 2 / PAR, 0.1 mHa	Trotter-Suzuki + QPE / 論理見積もり	0	2.024e3	NA	NA	6e16	6e16	NA	NA	7.344e5	NA	論理ゲートモデル	NA	NA	NA	NA	1e-8	NA	NA	NA	NA	NA	Clifford circuits require negligible time	NA	Structure 1は54 electrons in 54 spatial orbitals、Structure 2は65 electrons in 57 spatial orbitals。物理実装はこのTable I行には含まれない。Structure 1・0.1 mHaについては同論文Table IIのsurface-code物理見積もりを別行に分けた。 状態準備: QPEに十分よいtrial stateが使えることを仮定し、その準備コストは含めない。Appendix FでHartree-Fock/CI/adiabatic state preparationを議論するが、FeMocoの十分高精度な近似基底状態準備コストは決めていない。	NA	NA	NA	NA
2016-05-11	量子化学 / FeMocoエネルギー推定	[Reiher et al. 2016 Table I](https://arxiv.org/pdf/1605.03590#page=5)	FeMoco Structure 2 / PAR, 1 mHa	Trotter-Suzuki + QPE / 論理見積もり	0	2.024e3	NA	NA	5.5e15	5.5e15	NA	NA	7.2e4	NA	論理ゲートモデル	NA	NA	NA	NA	1e-8	NA	NA	NA	NA	NA	Clifford circuits require negligible time	NA	Structure 1は54 electrons in 54 spatial orbitals、Structure 2は65 electrons in 57 spatial orbitals。物理実装はこのTable I行には含まれない。Structure 1・0.1 mHaについては同論文Table IIのsurface-code物理見積もりを別行に分けた。 状態準備: QPEに十分よいtrial stateが使えることを仮定し、その準備コストは含めない。Appendix FでHartree-Fock/CI/adiabatic state preparationを議論するが、FeMocoの十分高精度な近似基底状態準備コストは決めていない。	NA	NA	NA	NA
2016-05-11	量子化学 / FeMocoエネルギー推定	[Reiher et al. 2016 Table I](https://arxiv.org/pdf/1605.03590#page=5)	FeMoco Structure 2 / Serial, 0.1 mHa	Trotter-Suzuki + QPE / 論理見積もり	0	1.17e2	NA	NA	2e15	3.1e15	NA	NA	2.074e7	NA	論理ゲートモデル	NA	NA	NA	NA	1e-8	NA	NA	NA	NA	NA	Clifford circuits require negligible time	NA	Structure 1は54 electrons in 54 spatial orbitals、Structure 2は65 electrons in 57 spatial orbitals。物理実装はこのTable I行には含まれない。Structure 1・0.1 mHaについては同論文Table IIのsurface-code物理見積もりを別行に分けた。 状態準備: QPEに十分よいtrial stateが使えることを仮定し、その準備コストは含めない。Appendix FでHartree-Fock/CI/adiabatic state preparationを議論するが、FeMocoの十分高精度な近似基底状態準備コストは決めていない。	NA	NA	NA	NA
2016-05-11	量子化学 / FeMocoエネルギー推定	[Reiher et al. 2016 Table I](https://arxiv.org/pdf/1605.03590#page=5)	FeMoco Structure 2 / Serial, 1 mHa	Trotter-Suzuki + QPE / 論理見積もり	0	1.17e2	NA	NA	1.9e14	3e14	NA	NA	1.901e6	NA	論理ゲートモデル	NA	NA	NA	NA	1e-8	NA	NA	NA	NA	NA	Clifford circuits require negligible time	NA	Structure 1は54 electrons in 54 spatial orbitals、Structure 2は65 electrons in 57 spatial orbitals。物理実装はこのTable I行には含まれない。Structure 1・0.1 mHaについては同論文Table IIのsurface-code物理見積もりを別行に分けた。 状態準備: QPEに十分よいtrial stateが使えることを仮定し、その準備コストは含めない。Appendix FでHartree-Fock/CI/adiabatic state preparationを議論するが、FeMocoの十分高精度な近似基底状態準備コストは決めていない。	NA	NA	NA	NA
2017-02-01	RSA整数の素因数分解	[Ekera and Hastad 2017](https://arxiv.org/pdf/1702.00249#page=1)	一般n	アルゴリズム、指数長削減	0	NA	NA	NA	NA	NA	NA	NA	NA	NA	NA	NA	NA	NA	NA	NA	NA	NA	NA	NA	NA	NA	NA	RSA整数をshort discrete logarithmへ帰着。Gidney and Ekera 2021やGidney 2025のアルゴリズム基盤。論理回路指標: [Shorの指数長2nに対し、slightly more than n/2 bits](https://arxiv.org/pdf/1702.00249#page=1); 詳細は [(1/2 + 1/s)n](https://arxiv.org/pdf/1702.00249#page=2)	NA	NA	NA	NA
2017-06-23	n-bit整数の素因数分解	[Gidney 2017](https://arxiv.org/pdf/1706.07884#page=12)	一般n	論理回路、qubit削減	0	NA	NA	NA	NA	NA	NA	NA	NA	NA	NA	NA	NA	NA	NA	NA	NA	NA	NA	NA	NA	NA	論理量子ビット: [(ours) n+2 clean qubits, total 2n+1](https://arxiv.org/pdf/1706.07884#page=12); 論理ゲート数: [Theta(n^3 lg n) gates](https://arxiv.org/pdf/1706.07884#page=12); 深さ/サイクル: [Theta(n^3)](https://arxiv.org/pdf/1706.07884#page=12)	concreteなRSA-2048物理見積もりではなく、回路構成の比較。	NA	NA	NA	NA
2019-02-06	ECC / ECDLP	[Gheorghiu and Mosca 2019 Table III](https://arxiv.org/pdf/1902.02332#page=18)	NIST P-160	surface code物理実装込み	0	1.466e3	1.81e7	NA	2.08e11	NA	NA	4.05e13	8.64e4	NA	NA	surface code	not specified	1e-3	NA	NA	NA	NA	NA	NA	NA	NA	NA	同表にclassical security parameterも併記。他ゲート種の総数はこの表では記載なし。	NA	NA	NA	NA
2019-02-06	ECC / ECDLP	[Gheorghiu and Mosca 2019 Table III](https://arxiv.org/pdf/1902.02332#page=18)	NIST P-192	surface code物理実装込み	0	1.754e3	3.37e7	NA	3.71e11	NA	NA	7.23e13	8.64e4	NA	NA	surface code	not specified	1e-3	NA	NA	NA	NA	NA	NA	NA	NA	NA	同表にclassical security parameterも併記。他ゲート種の総数はこの表では記載なし。	NA	NA	NA	NA
2019-02-06	ECC / ECDLP	[Gheorghiu and Mosca 2019 Table III](https://arxiv.org/pdf/1902.02332#page=18)	NIST P-224	surface code物理実装込み	0	2.042e3	4.91e7	NA	5.9e11	NA	NA	1.15e14	8.64e4	NA	NA	surface code	not specified	1e-3	NA	NA	NA	NA	NA	NA	NA	NA	NA	同表にclassical security parameterも併記。他ゲート種の総数はこの表では記載なし。	NA	NA	NA	NA
2019-02-06	ECC / ECDLP	[Gheorghiu and Mosca 2019 Table III](https://arxiv.org/pdf/1902.02332#page=18)	NIST P-256	surface code物理実装込み	0	2.33e3	6.77e7	NA	8.82e11	NA	NA	1.72e14	8.64e4	NA	NA	surface code	not specified	1e-3	NA	NA	NA	NA	NA	NA	NA	NA	NA	同表にclassical security parameterも併記。他ゲート種の総数はこの表では記載なし。	NA	NA	NA	NA
2019-02-06	ECC / ECDLP	[Gheorghiu and Mosca 2019 Table III](https://arxiv.org/pdf/1902.02332#page=18)	NIST P-384	surface code物理実装込み	0	3.484e3	2.27e8	NA	3.16e12	NA	NA	6.17e14	8.64e4	NA	NA	surface code	not specified	1e-3	NA	NA	NA	NA	NA	NA	NA	NA	NA	同表にclassical security parameterも併記。他ゲート種の総数はこの表では記載なし。	NA	NA	NA	NA
2019-02-06	ECC / ECDLP	[Gheorghiu and Mosca 2019 Table III](https://arxiv.org/pdf/1902.02332#page=18)	NIST P-521	surface code物理実装込み	0	4.719e3	6.06e8	NA	7.98e12	NA	NA	1.56e15	8.64e4	NA	NA	surface code	not specified	1e-3	NA	NA	NA	NA	NA	NA	NA	NA	NA	同表にclassical security parameterも併記。他ゲート種の総数はこの表では記載なし。	NA	NA	NA	NA
2019-02-06	RSA整数の素因数分解	[Gheorghiu and Mosca 2019 Table II](https://arxiv.org/pdf/1902.02332#page=18)	RSA-1024	surface code物理実装込み	0	2.05e3	3.01e7	NA	3.01e11	NA	NA	5.86e13	8.64e4	NA	NA	surface code	not specified	1e-3	NA	NA	NA	NA	NA	NA	NA	NA	物理エラー率: [1e-3](https://arxiv.org/pdf/1902.02332#page=18)	他ゲート種の総数はこの表では記載なし。	NA	NA	NA	NA
2019-02-06	RSA整数の素因数分解	[Gheorghiu and Mosca 2019 Table II](https://arxiv.org/pdf/1902.02332#page=18)	RSA-15360	surface code物理実装込み	0	3.072e4	4.85e12	NA	1.01e15	NA	NA	2.24e17	8.64e4	NA	NA	surface code	not specified	1e-3	NA	NA	NA	NA	NA	NA	NA	NA	物理エラー率: [1e-3](https://arxiv.org/pdf/1902.02332#page=18)	他ゲート種の総数はこの表では記載なし。	NA	NA	NA	NA
2019-02-06	RSA整数の素因数分解	[Gheorghiu and Mosca 2019 Table II](https://arxiv.org/pdf/1902.02332#page=18)	RSA-2048	surface code物理実装込み	0	4.098e3	1.72e8	NA	2.41e12	NA	NA	4.69e14	8.64e4	NA	NA	surface code	not specified	1e-3	NA	NA	NA	NA	NA	NA	NA	NA	物理エラー率: [1e-3](https://arxiv.org/pdf/1902.02332#page=18)	他ゲート種の総数はこの表では記載なし。	NA	NA	NA	NA
2019-02-06	RSA整数の素因数分解	[Gheorghiu and Mosca 2019 Table II](https://arxiv.org/pdf/1902.02332#page=18)	RSA-3072	surface code物理実装込み	0	6.146e3	6.41e8	NA	8.12e12	NA	NA	1.58e15	8.64e4	NA	NA	surface code	not specified	1e-3	NA	NA	NA	NA	NA	NA	NA	NA	物理エラー率: [1e-3](https://arxiv.org/pdf/1902.02332#page=18)	他ゲート種の総数はこの表では記載なし。	NA	NA	NA	NA
2019-02-06	RSA整数の素因数分解	[Gheorghiu and Mosca 2019 Table II](https://arxiv.org/pdf/1902.02332#page=18)	RSA-4096	surface code物理実装込み	0	NA	1.18e9	NA	1.92e13	NA	NA	3.75e15	8.64e4	NA	NA	surface code	not specified	1e-3	NA	NA	NA	NA	NA	NA	NA	NA	物理エラー率: [1e-3](https://arxiv.org/pdf/1902.02332#page=18)	RSA-4096のlogical qubitsはTable IIには出ていないためNA。他ゲート種の総数はこの表では記載なし。	NA	NA	NA	NA
2019-02-06	RSA整数の素因数分解	[Gheorghiu and Mosca 2019 Table II](https://arxiv.org/pdf/1902.02332#page=18)	RSA-7680	surface code物理実装込み	0	1.536e4	7.7e10	NA	1.27e14	NA	NA	2.64e16	8.64e4	NA	NA	surface code	not specified	1e-3	NA	NA	NA	NA	NA	NA	NA	NA	物理エラー率: [1e-3](https://arxiv.org/pdf/1902.02332#page=18)	他ゲート種の総数はこの表では記載なし。	NA	NA	NA	NA
2019-02-06	対称鍵・ハッシュ探索	[Gheorghiu and Mosca 2019 Table I](https://arxiv.org/pdf/1902.02332#page=18)	AES-128	Grover型探索の量子セキュリティサマリ	0	NA	NA	NA	NA	NA	NA	NA	NA	NA	NA	NA	NA	1e-4	NA	NA	NA	NA	NA	NA	NA	NA	NA	具体的な物理量子ビット・論理ゲート総数ではなくセキュリティパラメータ。quantum security parameter qs: 106。qsの定義: 破るのに必要なfundamental operations数のlog2。この論文ではsurface code cyclesをfundamental operationsとして扱う（[定義](https://arxiv.org/pdf/1902.02332#page=3)）。	NA	NA	NA	NA
2019-02-06	対称鍵・ハッシュ探索	[Gheorghiu and Mosca 2019 Table I](https://arxiv.org/pdf/1902.02332#page=18)	AES-192	Grover型探索の量子セキュリティサマリ	0	NA	NA	NA	NA	NA	NA	NA	NA	NA	NA	NA	NA	1e-4	NA	NA	NA	NA	NA	NA	NA	NA	NA	具体的な物理量子ビット・論理ゲート総数ではなくセキュリティパラメータ。quantum security parameter qs: 139。qsの定義: 破るのに必要なfundamental operations数のlog2。この論文ではsurface code cyclesをfundamental operationsとして扱う（[定義](https://arxiv.org/pdf/1902.02332#page=3)）。	NA	NA	NA	NA
2019-02-06	対称鍵・ハッシュ探索	[Gheorghiu and Mosca 2019 Table I](https://arxiv.org/pdf/1902.02332#page=18)	AES-256	Grover型探索の量子セキュリティサマリ	0	NA	NA	NA	NA	NA	NA	NA	NA	NA	NA	NA	NA	1e-4	NA	NA	NA	NA	NA	NA	NA	NA	NA	具体的な物理量子ビット・論理ゲート総数ではなくセキュリティパラメータ。quantum security parameter qs: 172。qsの定義: 破るのに必要なfundamental operations数のlog2。この論文ではsurface code cyclesをfundamental operationsとして扱う（[定義](https://arxiv.org/pdf/1902.02332#page=3)）。	NA	NA	NA	NA
2019-02-06	対称鍵・ハッシュ探索	[Gheorghiu and Mosca 2019 Table I](https://arxiv.org/pdf/1902.02332#page=18)	Bitcoin PoW	Grover型探索の量子セキュリティサマリ	0	NA	NA	NA	NA	NA	NA	NA	NA	NA	NA	NA	NA	1e-4	NA	NA	NA	NA	NA	NA	NA	NA	NA	具体的な物理量子ビット・論理ゲート総数ではなくセキュリティパラメータ。quantum security parameter qs: 75。qsの定義: 破るのに必要なfundamental operations数のlog2。この論文ではsurface code cyclesをfundamental operationsとして扱う（[定義](https://arxiv.org/pdf/1902.02332#page=3)）。	NA	NA	NA	NA
2019-02-06	対称鍵・ハッシュ探索	[Gheorghiu and Mosca 2019 Table I](https://arxiv.org/pdf/1902.02332#page=18)	SHA-256	Grover型探索の量子セキュリティサマリ	0	NA	NA	NA	NA	NA	NA	NA	NA	NA	NA	NA	NA	1e-4	NA	NA	NA	NA	NA	NA	NA	NA	NA	具体的な物理量子ビット・論理ゲート総数ではなくセキュリティパラメータ。quantum security parameter qs: 166。qsの定義: 破るのに必要なfundamental operations数のlog2。この論文ではsurface code cyclesをfundamental operationsとして扱う（[定義](https://arxiv.org/pdf/1902.02332#page=3)）。	NA	NA	NA	NA
2019-02-06	対称鍵・ハッシュ探索	[Gheorghiu and Mosca 2019 Table I](https://arxiv.org/pdf/1902.02332#page=18)	SHA3-256	Grover型探索の量子セキュリティサマリ	0	NA	NA	NA	NA	NA	NA	NA	NA	NA	NA	NA	NA	1e-4	NA	NA	NA	NA	NA	NA	NA	NA	NA	具体的な物理量子ビット・論理ゲート総数ではなくセキュリティパラメータ。quantum security parameter qs: 167。qsの定義: 破るのに必要なfundamental operations数のlog2。この論文ではsurface code cyclesをfundamental operationsとして扱う（[定義](https://arxiv.org/pdf/1902.02332#page=3)）。	NA	NA	NA	NA
2019-05-23	ECC / ECDLP	[Gidney and Ekera 2021 Table 1](https://arxiv.org/pdf/1905.09749#page=3)	elliptic curve DLP n=160	既存研究比較行	0	NA	NA	NA	NA	NA	3e10	NA	NA	1.3e7	NA	NA	NA	NA	NA	NA	NA	NA	NA	NA	NA	device/error/cycle/reaction/shot: 比較行のためNA	NA	Roetteler et al. 2017 の比較行。他ゲート種の総数はこの表では記載なし。	NA	NA	NA	NA
2019-05-23	ECC / ECDLP	[Gidney and Ekera 2021 Table 1](https://arxiv.org/pdf/1905.09749#page=3)	elliptic curve DLP n=224	既存研究比較行	0	NA	NA	NA	NA	NA	8.4e10	NA	NA	5.2e7	NA	NA	NA	NA	NA	NA	NA	NA	NA	NA	NA	device/error/cycle/reaction/shot: 比較行のためNA	NA	Roetteler et al. 2017 の比較行。他ゲート種の総数はこの表では記載なし。	NA	NA	NA	NA
2019-05-23	ECC / ECDLP	[Gidney and Ekera 2021 Table 1](https://arxiv.org/pdf/1905.09749#page=3)	elliptic curve DLP n=256	既存研究比較行	0	NA	NA	NA	NA	NA	1.3e11	NA	NA	8.3e7	NA	NA	NA	NA	NA	NA	NA	NA	NA	NA	NA	device/error/cycle/reaction/shot: 比較行のためNA	NA	Roetteler et al. 2017 の比較行。他ゲート種の総数はこの表では記載なし。	NA	NA	NA	NA
2019-05-23	RSA整数の素因数分解	[Gidney and Ekera 2021 Table 3](https://arxiv.org/pdf/1905.09749#page=16)	RSA-1024	surface code物理実装込み / code distance option 1	0	3.093e3	9.7e6	4e8	NA	NA	NA	NA	4.68e3	5e5	superconducting qubit platform / planar nearest-neighbor connectivity	planar surface code	superconducting qubits	1e-3	1.5e1	1e-6	1e-5	NA	6e-2	4.275e-15	Effective per logical-qubit surface-code-cycle rate inferred from reported retry risk: -ln(1-retry risk)/(logical qubits * runtime/cycle time). This folds topological, distillation, approximation, and post-processing failures into one effective rate.	δoff=5; cmul=5; cexp=5; csep=1024; large-scale superconducting qubit platforms with nearest-neighbor connectivity	論理量子ビット: [3n + 0.002 n lg n](https://arxiv.org/pdf/1905.09749#page=1); 物理量子ビット種: [large-scale superconducting qubit platforms with nearest neighbor connectivity](https://arxiv.org/pdf/1905.09749#page=2)	full-length RSA factoring row。他ゲート種の総数はこの表では記載なし。 論理量子ビットは 3n + 0.002 n lg n を切り上げ整数化。	NA	NA	NA	NA
2019-05-23	RSA整数の素因数分解	[Gidney and Ekera 2021 Table 3](https://arxiv.org/pdf/1905.09749#page=16)	RSA-1024	surface code物理実装込み / code distance option 2	0	3.093e3	9.7e6	4e8	NA	NA	NA	NA	4.68e3	5e5	superconducting qubit platform / planar nearest-neighbor connectivity	planar surface code	superconducting qubits	1e-3	2.7e1	1e-6	1e-5	NA	6e-2	4.275e-15	Effective per logical-qubit surface-code-cycle rate inferred from reported retry risk: -ln(1-retry risk)/(logical qubits * runtime/cycle time). This folds topological, distillation, approximation, and post-processing failures into one effective rate.	δoff=5; cmul=5; cexp=5; csep=1024; large-scale superconducting qubit platforms with nearest-neighbor connectivity	論理量子ビット: [3n + 0.002 n lg n](https://arxiv.org/pdf/1905.09749#page=1); 物理量子ビット種: [large-scale superconducting qubit platforms with nearest neighbor connectivity](https://arxiv.org/pdf/1905.09749#page=2)	full-length RSA factoring row。他ゲート種の総数はこの表では記載なし。 論理量子ビットは 3n + 0.002 n lg n を切り上げ整数化。	NA	NA	NA	NA
2019-05-23	RSA整数の素因数分解	[Gidney and Ekera 2021 Table 3](https://arxiv.org/pdf/1905.09749#page=16)	RSA-12288	surface code物理実装込み / code distance option 1	0	3.72e4	2e8	NA	NA	NA	NA	NA	7.2e5	1.9e9	superconducting qubit platform / planar nearest-neighbor connectivity	planar surface code	superconducting qubits	1e-3	1.9e1	1e-6	1e-5	NA	1.2e-1	4.773e-18	Effective per logical-qubit surface-code-cycle rate inferred from reported retry risk: -ln(1-retry risk)/(logical qubits * runtime/cycle time). This folds topological, distillation, approximation, and post-processing failures into one effective rate.	δoff=3; cmul=4; cexp=5; csep=1024; large-scale superconducting qubit platforms with nearest-neighbor connectivity	論理量子ビット: [3n + 0.002 n lg n](https://arxiv.org/pdf/1905.09749#page=1); 物理量子ビット種: [large-scale superconducting qubit platforms with nearest neighbor connectivity](https://arxiv.org/pdf/1905.09749#page=2)	full-length RSA factoring row。他ゲート種の総数はこの表では記載なし。 論理量子ビットは 3n + 0.002 n lg n を切り上げ整数化。	NA	NA	NA	NA
2019-05-23	RSA整数の素因数分解	[Gidney and Ekera 2021 Table 3](https://arxiv.org/pdf/1905.09749#page=16)	RSA-12288	surface code物理実装込み / code distance option 2	0	3.72e4	2e8	NA	NA	NA	NA	NA	7.2e5	1.9e9	superconducting qubit platform / planar nearest-neighbor connectivity	planar surface code	superconducting qubits	1e-3	3.3e1	1e-6	1e-5	NA	1.2e-1	4.773e-18	Effective per logical-qubit surface-code-cycle rate inferred from reported retry risk: -ln(1-retry risk)/(logical qubits * runtime/cycle time). This folds topological, distillation, approximation, and post-processing failures into one effective rate.	δoff=3; cmul=4; cexp=5; csep=1024; large-scale superconducting qubit platforms with nearest-neighbor connectivity	論理量子ビット: [3n + 0.002 n lg n](https://arxiv.org/pdf/1905.09749#page=1); 物理量子ビット種: [large-scale superconducting qubit platforms with nearest neighbor connectivity](https://arxiv.org/pdf/1905.09749#page=2)	full-length RSA factoring row。他ゲート種の総数はこの表では記載なし。 論理量子ビットは 3n + 0.002 n lg n を切り上げ整数化。	NA	NA	NA	NA
2019-05-23	RSA整数の素因数分解	[Gidney and Ekera 2021 Table 3](https://arxiv.org/pdf/1905.09749#page=16)	RSA-16384	surface code物理実装込み / code distance option 1	0	4.961e4	2.7e8	NA	NA	NA	NA	NA	1.26e6	5.1e9	superconducting qubit platform / planar nearest-neighbor connectivity	planar surface code	superconducting qubits	1e-3	1.9e1	1e-6	1e-5	NA	2.4e-1	4.39e-18	Effective per logical-qubit surface-code-cycle rate inferred from reported retry risk: -ln(1-retry risk)/(logical qubits * runtime/cycle time). This folds topological, distillation, approximation, and post-processing failures into one effective rate.	δoff=4; cmul=4; cexp=5; csep=1024; large-scale superconducting qubit platforms with nearest-neighbor connectivity	論理量子ビット: [3n + 0.002 n lg n](https://arxiv.org/pdf/1905.09749#page=1); 物理量子ビット種: [large-scale superconducting qubit platforms with nearest neighbor connectivity](https://arxiv.org/pdf/1905.09749#page=2)	full-length RSA factoring row。他ゲート種の総数はこの表では記載なし。 論理量子ビットは 3n + 0.002 n lg n を切り上げ整数化。	NA	NA	NA	NA
2019-05-23	RSA整数の素因数分解	[Gidney and Ekera 2021 Table 3](https://arxiv.org/pdf/1905.09749#page=16)	RSA-16384	surface code物理実装込み / code distance option 2	0	4.961e4	2.7e8	NA	NA	NA	NA	NA	1.26e6	5.1e9	superconducting qubit platform / planar nearest-neighbor connectivity	planar surface code	superconducting qubits	1e-3	3.3e1	1e-6	1e-5	NA	2.4e-1	4.39e-18	Effective per logical-qubit surface-code-cycle rate inferred from reported retry risk: -ln(1-retry risk)/(logical qubits * runtime/cycle time). This folds topological, distillation, approximation, and post-processing failures into one effective rate.	δoff=4; cmul=4; cexp=5; csep=1024; large-scale superconducting qubit platforms with nearest-neighbor connectivity	論理量子ビット: [3n + 0.002 n lg n](https://arxiv.org/pdf/1905.09749#page=1); 物理量子ビット種: [large-scale superconducting qubit platforms with nearest neighbor connectivity](https://arxiv.org/pdf/1905.09749#page=2)	full-length RSA factoring row。他ゲート種の総数はこの表では記載なし。 論理量子ビットは 3n + 0.002 n lg n を切り上げ整数化。	NA	NA	NA	NA
2019-05-23	RSA整数の素因数分解	[Gidney and Ekera 2021 Table 3](https://arxiv.org/pdf/1905.09749#page=16)	RSA-2048	surface code物理実装込み / code distance option 1	0	6.19e3	2e7	2.7e9	NA	NA	NA	NA	1.836e4	5.9e6	superconducting qubit platform / planar nearest-neighbor connectivity	planar surface code	superconducting qubits	1e-3	1.5e1	1e-6	1e-5	NA	3.1e-1	3.265e-15	Effective per logical-qubit surface-code-cycle rate inferred from reported retry risk: -ln(1-retry risk)/(logical qubits * runtime/cycle time). This folds topological, distillation, approximation, and post-processing failures into one effective rate.	δoff=4; cmul=5; cexp=5; csep=1024; large-scale superconducting qubit platforms with nearest-neighbor connectivity	論理量子ビット: [3n + 0.002 n lg n](https://arxiv.org/pdf/1905.09749#page=1); 物理量子ビット種: [large-scale superconducting qubit platforms with nearest neighbor connectivity](https://arxiv.org/pdf/1905.09749#page=2)	full-length RSA factoring row。他ゲート種の総数はこの表では記載なし。非ゲート資源: [約3e9 CCZ states](https://arxiv.org/pdf/1905.09749#page=13) 論理量子ビットは 3n + 0.002 n lg n を切り上げ整数化。	NA	NA	NA	NA
2019-05-23	RSA整数の素因数分解	[Gidney and Ekera 2021 Table 3](https://arxiv.org/pdf/1905.09749#page=16)	RSA-2048	surface code物理実装込み / code distance option 2	0	6.19e3	2e7	2.7e9	NA	NA	NA	NA	1.836e4	5.9e6	superconducting qubit platform / planar nearest-neighbor connectivity	planar surface code	superconducting qubits	1e-3	2.7e1	1e-6	1e-5	NA	3.1e-1	3.265e-15	Effective per logical-qubit surface-code-cycle rate inferred from reported retry risk: -ln(1-retry risk)/(logical qubits * runtime/cycle time). This folds topological, distillation, approximation, and post-processing failures into one effective rate.	δoff=4; cmul=5; cexp=5; csep=1024; large-scale superconducting qubit platforms with nearest-neighbor connectivity	論理量子ビット: [3n + 0.002 n lg n](https://arxiv.org/pdf/1905.09749#page=1); 物理量子ビット種: [large-scale superconducting qubit platforms with nearest neighbor connectivity](https://arxiv.org/pdf/1905.09749#page=2)	full-length RSA factoring row。他ゲート種の総数はこの表では記載なし。非ゲート資源: [約3e9 CCZ states](https://arxiv.org/pdf/1905.09749#page=13) 論理量子ビットは 3n + 0.002 n lg n を切り上げ整数化。	NA	NA	NA	NA
2019-05-23	RSA整数の素因数分解	[Gidney and Ekera 2021 Table 3](https://arxiv.org/pdf/1905.09749#page=16)	RSA-3072	surface code物理実装込み / code distance option 1	0	9.288e3	3.8e7	9.9e9	NA	NA	NA	NA	4.32e4	2.1e7	superconducting qubit platform / planar nearest-neighbor connectivity	planar surface code	superconducting qubits	1e-3	1.7e1	1e-6	1e-5	NA	9e-2	2.35e-16	Effective per logical-qubit surface-code-cycle rate inferred from reported retry risk: -ln(1-retry risk)/(logical qubits * runtime/cycle time). This folds topological, distillation, approximation, and post-processing failures into one effective rate.	δoff=6; cmul=4; cexp=5; csep=1024; large-scale superconducting qubit platforms with nearest-neighbor connectivity	論理量子ビット: [3n + 0.002 n lg n](https://arxiv.org/pdf/1905.09749#page=1); 物理量子ビット種: [large-scale superconducting qubit platforms with nearest neighbor connectivity](https://arxiv.org/pdf/1905.09749#page=2)	full-length RSA factoring row。他ゲート種の総数はこの表では記載なし。 論理量子ビットは 3n + 0.002 n lg n を切り上げ整数化。	NA	NA	NA	NA
2019-05-23	RSA整数の素因数分解	[Gidney and Ekera 2021 Table 3](https://arxiv.org/pdf/1905.09749#page=16)	RSA-3072	surface code物理実装込み / code distance option 2	0	9.288e3	3.8e7	9.9e9	NA	NA	NA	NA	4.32e4	2.1e7	superconducting qubit platform / planar nearest-neighbor connectivity	planar surface code	superconducting qubits	1e-3	2.9e1	1e-6	1e-5	NA	9e-2	2.35e-16	Effective per logical-qubit surface-code-cycle rate inferred from reported retry risk: -ln(1-retry risk)/(logical qubits * runtime/cycle time). This folds topological, distillation, approximation, and post-processing failures into one effective rate.	δoff=6; cmul=4; cexp=5; csep=1024; large-scale superconducting qubit platforms with nearest-neighbor connectivity	論理量子ビット: [3n + 0.002 n lg n](https://arxiv.org/pdf/1905.09749#page=1); 物理量子ビット種: [large-scale superconducting qubit platforms with nearest neighbor connectivity](https://arxiv.org/pdf/1905.09749#page=2)	full-length RSA factoring row。他ゲート種の総数はこの表では記載なし。 論理量子ビットは 3n + 0.002 n lg n を切り上げ整数化。	NA	NA	NA	NA
2019-05-23	RSA整数の素因数分解	[Gidney and Ekera 2021 Table 3](https://arxiv.org/pdf/1905.09749#page=16)	RSA-4096	surface code物理実装込み / code distance option 1	0	1.239e4	5.5e7	NA	NA	NA	NA	NA	7.92e4	5.1e7	superconducting qubit platform / planar nearest-neighbor connectivity	planar surface code	superconducting qubits	1e-3	1.7e1	1e-6	1e-5	NA	5e-2	5.227e-17	Effective per logical-qubit surface-code-cycle rate inferred from reported retry risk: -ln(1-retry risk)/(logical qubits * runtime/cycle time). This folds topological, distillation, approximation, and post-processing failures into one effective rate.	δoff=9; cmul=4; cexp=5; csep=1024; large-scale superconducting qubit platforms with nearest-neighbor connectivity	論理量子ビット: [3n + 0.002 n lg n](https://arxiv.org/pdf/1905.09749#page=1); 物理量子ビット種: [large-scale superconducting qubit platforms with nearest neighbor connectivity](https://arxiv.org/pdf/1905.09749#page=2)	full-length RSA factoring row。他ゲート種の総数はこの表では記載なし。 論理量子ビットは 3n + 0.002 n lg n を切り上げ整数化。	NA	NA	NA	NA
2019-05-23	RSA整数の素因数分解	[Gidney and Ekera 2021 Table 3](https://arxiv.org/pdf/1905.09749#page=16)	RSA-4096	surface code物理実装込み / code distance option 2	0	1.239e4	5.5e7	NA	NA	NA	NA	NA	7.92e4	5.1e7	superconducting qubit platform / planar nearest-neighbor connectivity	planar surface code	superconducting qubits	1e-3	3.1e1	1e-6	1e-5	NA	5e-2	5.227e-17	Effective per logical-qubit surface-code-cycle rate inferred from reported retry risk: -ln(1-retry risk)/(logical qubits * runtime/cycle time). This folds topological, distillation, approximation, and post-processing failures into one effective rate.	δoff=9; cmul=4; cexp=5; csep=1024; large-scale superconducting qubit platforms with nearest-neighbor connectivity	論理量子ビット: [3n + 0.002 n lg n](https://arxiv.org/pdf/1905.09749#page=1); 物理量子ビット種: [large-scale superconducting qubit platforms with nearest neighbor connectivity](https://arxiv.org/pdf/1905.09749#page=2)	full-length RSA factoring row。他ゲート種の総数はこの表では記載なし。 論理量子ビットは 3n + 0.002 n lg n を切り上げ整数化。	NA	NA	NA	NA
2019-05-23	RSA整数の素因数分解	[Gidney and Ekera 2021 Table 3](https://arxiv.org/pdf/1905.09749#page=16)	RSA-8192	surface code物理実装込み / code distance option 1	0	2.479e4	1.4e8	NA	NA	NA	NA	NA	3.096e5	5.1e8	superconducting qubit platform / planar nearest-neighbor connectivity	planar surface code	superconducting qubits	1e-3	1.9e1	1e-6	1e-5	NA	5e-2	6.683e-18	Effective per logical-qubit surface-code-cycle rate inferred from reported retry risk: -ln(1-retry risk)/(logical qubits * runtime/cycle time). This folds topological, distillation, approximation, and post-processing failures into one effective rate.	δoff=4; cmul=4; cexp=5; csep=1024; large-scale superconducting qubit platforms with nearest-neighbor connectivity	論理量子ビット: [3n + 0.002 n lg n](https://arxiv.org/pdf/1905.09749#page=1); 物理量子ビット種: [large-scale superconducting qubit platforms with nearest neighbor connectivity](https://arxiv.org/pdf/1905.09749#page=2)	full-length RSA factoring row。他ゲート種の総数はこの表では記載なし。 論理量子ビットは 3n + 0.002 n lg n を切り上げ整数化。	NA	NA	NA	NA
2019-05-23	RSA整数の素因数分解	[Gidney and Ekera 2021 Table 3](https://arxiv.org/pdf/1905.09749#page=16)	RSA-8192	surface code物理実装込み / code distance option 2	0	2.479e4	1.4e8	NA	NA	NA	NA	NA	3.096e5	5.1e8	superconducting qubit platform / planar nearest-neighbor connectivity	planar surface code	superconducting qubits	1e-3	3.3e1	1e-6	1e-5	NA	5e-2	6.683e-18	Effective per logical-qubit surface-code-cycle rate inferred from reported retry risk: -ln(1-retry risk)/(logical qubits * runtime/cycle time). This folds topological, distillation, approximation, and post-processing failures into one effective rate.	δoff=4; cmul=4; cexp=5; csep=1024; large-scale superconducting qubit platforms with nearest-neighbor connectivity	論理量子ビット: [3n + 0.002 n lg n](https://arxiv.org/pdf/1905.09749#page=1); 物理量子ビット種: [large-scale superconducting qubit platforms with nearest neighbor connectivity](https://arxiv.org/pdf/1905.09749#page=2)	full-length RSA factoring row。他ゲート種の総数はこの表では記載なし。 論理量子ビットは 3n + 0.002 n lg n を切り上げ整数化。	NA	NA	NA	NA
2019-05-23	有限体離散対数	[Gidney and Ekera 2021 Table 4](https://arxiv.org/pdf/1905.09749#page=18)	Schnorr, n=1024	surface code物理実装込み / code distance option 1	0	NA	9.2e6	NA	NA	NA	NA	NA	1.44e3	2e5	superconducting qubit platform / planar nearest-neighbor connectivity	planar surface code	superconducting qubits	1e-3	1.5e1	1e-6	1e-5	NA	1e-1	NA	NA	z=80; δoff=4; cmul=5; cexp=5; csep=1024; large-scale superconducting qubit platforms with nearest-neighbor connectivity	物理量子ビット種: [large-scale superconducting qubit platforms with nearest neighbor connectivity](https://arxiv.org/pdf/1905.09749#page=2)	3nr = 6z row。	NA	NA	NA	NA
2019-05-23	有限体離散対数	[Gidney and Ekera 2021 Table 4](https://arxiv.org/pdf/1905.09749#page=18)	Schnorr, n=1024	surface code物理実装込み / code distance option 2	0	NA	9.2e6	NA	NA	NA	NA	NA	1.44e3	2e5	superconducting qubit platform / planar nearest-neighbor connectivity	planar surface code	superconducting qubits	1e-3	2.5e1	1e-6	1e-5	NA	1e-1	NA	NA	z=80; δoff=4; cmul=5; cexp=5; csep=1024; large-scale superconducting qubit platforms with nearest-neighbor connectivity	物理量子ビット種: [large-scale superconducting qubit platforms with nearest neighbor connectivity](https://arxiv.org/pdf/1905.09749#page=2)	3nr = 6z row。	NA	NA	NA	NA
2019-05-23	有限体離散対数	[Gidney and Ekera 2021 Table 4](https://arxiv.org/pdf/1905.09749#page=18)	Schnorr, n=12288	surface code物理実装込み / code distance option 1	0	NA	1.7e8	NA	NA	NA	NA	NA	5.4e4	1.2e8	superconducting qubit platform / planar nearest-neighbor connectivity	planar surface code	superconducting qubits	1e-3	1.7e1	1e-6	1e-5	NA	9e-2	NA	NA	z=240; δoff=9; cmul=4; cexp=5; csep=1024; large-scale superconducting qubit platforms with nearest-neighbor connectivity	物理量子ビット種: [large-scale superconducting qubit platforms with nearest neighbor connectivity](https://arxiv.org/pdf/1905.09749#page=2)	3nr = 6z row。	NA	NA	NA	NA
2019-05-23	有限体離散対数	[Gidney and Ekera 2021 Table 4](https://arxiv.org/pdf/1905.09749#page=18)	Schnorr, n=12288	surface code物理実装込み / code distance option 2	0	NA	1.7e8	NA	NA	NA	NA	NA	5.4e4	1.2e8	superconducting qubit platform / planar nearest-neighbor connectivity	planar surface code	superconducting qubits	1e-3	3.1e1	1e-6	1e-5	NA	9e-2	NA	NA	z=240; δoff=9; cmul=4; cexp=5; csep=1024; large-scale superconducting qubit platforms with nearest-neighbor connectivity	物理量子ビット種: [large-scale superconducting qubit platforms with nearest neighbor connectivity](https://arxiv.org/pdf/1905.09749#page=2)	3nr = 6z row。	NA	NA	NA	NA
2019-05-23	有限体離散対数	[Gidney and Ekera 2021 Table 4](https://arxiv.org/pdf/1905.09749#page=18)	Schnorr, n=16384	surface code物理実装込み / code distance option 1	0	NA	2.2e8	NA	NA	NA	NA	NA	8.28e4	2.5e8	superconducting qubit platform / planar nearest-neighbor connectivity	planar surface code	superconducting qubits	1e-3	1.7e1	1e-6	1e-5	NA	1.7e-1	NA	NA	z=272; δoff=5; cmul=4; cexp=5; csep=1024; large-scale superconducting qubit platforms with nearest-neighbor connectivity	物理量子ビット種: [large-scale superconducting qubit platforms with nearest neighbor connectivity](https://arxiv.org/pdf/1905.09749#page=2)	3nr = 6z row。	NA	NA	NA	NA
2019-05-23	有限体離散対数	[Gidney and Ekera 2021 Table 4](https://arxiv.org/pdf/1905.09749#page=18)	Schnorr, n=16384	surface code物理実装込み / code distance option 2	0	NA	2.2e8	NA	NA	NA	NA	NA	8.28e4	2.5e8	superconducting qubit platform / planar nearest-neighbor connectivity	planar surface code	superconducting qubits	1e-3	3.1e1	1e-6	1e-5	NA	1.7e-1	NA	NA	z=272; δoff=5; cmul=4; cexp=5; csep=1024; large-scale superconducting qubit platforms with nearest-neighbor connectivity	物理量子ビット種: [large-scale superconducting qubit platforms with nearest neighbor connectivity](https://arxiv.org/pdf/1905.09749#page=2)	3nr = 6z row。	NA	NA	NA	NA
2019-05-23	有限体離散対数	[Gidney and Ekera 2021 Table 4](https://arxiv.org/pdf/1905.09749#page=18)	Schnorr, n=2048	surface code物理実装込み / code distance option 1	0	NA	2e7	NA	NA	NA	NA	NA	4.32e3	1e6	superconducting qubit platform / planar nearest-neighbor connectivity	planar surface code	superconducting qubits	1e-3	1.5e1	1e-6	1e-5	NA	9e-2	NA	NA	z=112; δoff=3; cmul=5; cexp=5; csep=1024; large-scale superconducting qubit platforms with nearest-neighbor connectivity	物理量子ビット種: [large-scale superconducting qubit platforms with nearest neighbor connectivity](https://arxiv.org/pdf/1905.09749#page=2)	3nr = 6z row。	NA	NA	NA	NA
2019-05-23	有限体離散対数	[Gidney and Ekera 2021 Table 4](https://arxiv.org/pdf/1905.09749#page=18)	Schnorr, n=2048	surface code物理実装込み / code distance option 2	0	NA	2e7	NA	NA	NA	NA	NA	4.32e3	1e6	superconducting qubit platform / planar nearest-neighbor connectivity	planar surface code	superconducting qubits	1e-3	2.7e1	1e-6	1e-5	NA	9e-2	NA	NA	z=112; δoff=3; cmul=5; cexp=5; csep=1024; large-scale superconducting qubit platforms with nearest-neighbor connectivity	物理量子ビット種: [large-scale superconducting qubit platforms with nearest neighbor connectivity](https://arxiv.org/pdf/1905.09749#page=2)	3nr = 6z row。	NA	NA	NA	NA
2019-05-23	有限体離散対数	[Gidney and Ekera 2021 Table 4](https://arxiv.org/pdf/1905.09749#page=18)	Schnorr, n=3072	surface code物理実装込み / code distance option 1	0	NA	2.9e7	NA	NA	NA	NA	NA	7.2e3	2.9e6	superconducting qubit platform / planar nearest-neighbor connectivity	planar surface code	superconducting qubits	1e-3	1.5e1	1e-6	1e-5	NA	1.8e-1	NA	NA	z=128; δoff=9; cmul=5; cexp=5; csep=1024; large-scale superconducting qubit platforms with nearest-neighbor connectivity	物理量子ビット種: [large-scale superconducting qubit platforms with nearest neighbor connectivity](https://arxiv.org/pdf/1905.09749#page=2)	3nr = 6z row。	NA	NA	NA	NA
2019-05-23	有限体離散対数	[Gidney and Ekera 2021 Table 4](https://arxiv.org/pdf/1905.09749#page=18)	Schnorr, n=3072	surface code物理実装込み / code distance option 2	0	NA	2.9e7	NA	NA	NA	NA	NA	7.2e3	2.9e6	superconducting qubit platform / planar nearest-neighbor connectivity	planar surface code	superconducting qubits	1e-3	2.7e1	1e-6	1e-5	NA	1.8e-1	NA	NA	z=128; δoff=9; cmul=5; cexp=5; csep=1024; large-scale superconducting qubit platforms with nearest-neighbor connectivity	物理量子ビット種: [large-scale superconducting qubit platforms with nearest neighbor connectivity](https://arxiv.org/pdf/1905.09749#page=2)	3nr = 6z row。	NA	NA	NA	NA
2019-05-23	有限体離散対数	[Gidney and Ekera 2021 Table 4](https://arxiv.org/pdf/1905.09749#page=18)	Schnorr, n=4096	surface code物理実装込み / code distance option 1	0	NA	5.1e7	NA	NA	NA	NA	NA	1.116e4	6.8e6	superconducting qubit platform / planar nearest-neighbor connectivity	planar surface code	superconducting qubits	1e-3	1.7e1	1e-6	1e-5	NA	4e-2	NA	NA	z=152; δoff=7; cmul=4; cexp=5; csep=1024; large-scale superconducting qubit platforms with nearest-neighbor connectivity	物理量子ビット種: [large-scale superconducting qubit platforms with nearest neighbor connectivity](https://arxiv.org/pdf/1905.09749#page=2)	3nr = 6z row。	NA	NA	NA	NA
2019-05-23	有限体離散対数	[Gidney and Ekera 2021 Table 4](https://arxiv.org/pdf/1905.09749#page=18)	Schnorr, n=4096	surface code物理実装込み / code distance option 2	0	NA	5.1e7	NA	NA	NA	NA	NA	1.116e4	6.8e6	superconducting qubit platform / planar nearest-neighbor connectivity	planar surface code	superconducting qubits	1e-3	2.9e1	1e-6	1e-5	NA	4e-2	NA	NA	z=152; δoff=7; cmul=4; cexp=5; csep=1024; large-scale superconducting qubit platforms with nearest-neighbor connectivity	物理量子ビット種: [large-scale superconducting qubit platforms with nearest neighbor connectivity](https://arxiv.org/pdf/1905.09749#page=2)	3nr = 6z row。	NA	NA	NA	NA
2019-05-23	有限体離散対数	[Gidney and Ekera 2021 Table 4](https://arxiv.org/pdf/1905.09749#page=18)	Schnorr, n=8192	surface code物理実装込み / code distance option 1	0	NA	1.1e8	NA	NA	NA	NA	NA	2.988e4	4e7	superconducting qubit platform / planar nearest-neighbor connectivity	planar surface code	superconducting qubits	1e-3	1.7e1	1e-6	1e-5	NA	5e-2	NA	NA	z=200; δoff=3; cmul=4; cexp=5; csep=1024; large-scale superconducting qubit platforms with nearest-neighbor connectivity	物理量子ビット種: [large-scale superconducting qubit platforms with nearest neighbor connectivity](https://arxiv.org/pdf/1905.09749#page=2)	3nr = 6z row。	NA	NA	NA	NA
2019-05-23	有限体離散対数	[Gidney and Ekera 2021 Table 4](https://arxiv.org/pdf/1905.09749#page=18)	Schnorr, n=8192	surface code物理実装込み / code distance option 2	0	NA	1.1e8	NA	NA	NA	NA	NA	2.988e4	4e7	superconducting qubit platform / planar nearest-neighbor connectivity	planar surface code	superconducting qubits	1e-3	3.1e1	1e-6	1e-5	NA	5e-2	NA	NA	z=200; δoff=3; cmul=4; cexp=5; csep=1024; large-scale superconducting qubit platforms with nearest-neighbor connectivity	物理量子ビット種: [large-scale superconducting qubit platforms with nearest neighbor connectivity](https://arxiv.org/pdf/1905.09749#page=2)	3nr = 6z row。	NA	NA	NA	NA
2019-05-23	有限体離散対数	[Gidney and Ekera 2021 Table 4](https://arxiv.org/pdf/1905.09749#page=18)	safe-prime short DLP, n=1024	surface code物理実装込み / code distance option 1	0	NA	9.2e6	NA	NA	NA	NA	NA	1.44e3	2e5	superconducting qubit platform / planar nearest-neighbor connectivity	planar surface code	superconducting qubits	1e-3	1.5e1	1e-6	1e-5	NA	1e-1	NA	NA	z=80; δoff=4; cmul=5; cexp=5; csep=1024; large-scale superconducting qubit platforms with nearest-neighbor connectivity	物理量子ビット種: [large-scale superconducting qubit platforms with nearest neighbor connectivity](https://arxiv.org/pdf/1905.09749#page=2)	3nd = 6z row。	NA	NA	NA	NA
2019-05-23	有限体離散対数	[Gidney and Ekera 2021 Table 4](https://arxiv.org/pdf/1905.09749#page=18)	safe-prime short DLP, n=1024	surface code物理実装込み / code distance option 2	0	NA	9.2e6	NA	NA	NA	NA	NA	1.44e3	2e5	superconducting qubit platform / planar nearest-neighbor connectivity	planar surface code	superconducting qubits	1e-3	2.5e1	1e-6	1e-5	NA	1e-1	NA	NA	z=80; δoff=4; cmul=5; cexp=5; csep=1024; large-scale superconducting qubit platforms with nearest-neighbor connectivity	物理量子ビット種: [large-scale superconducting qubit platforms with nearest neighbor connectivity](https://arxiv.org/pdf/1905.09749#page=2)	3nd = 6z row。	NA	NA	NA	NA
2019-05-23	有限体離散対数	[Gidney and Ekera 2021 Table 4](https://arxiv.org/pdf/1905.09749#page=18)	safe-prime short DLP, n=12288	surface code物理実装込み / code distance option 1	0	NA	1.7e8	NA	NA	NA	NA	NA	5.4e4	1.2e8	superconducting qubit platform / planar nearest-neighbor connectivity	planar surface code	superconducting qubits	1e-3	1.7e1	1e-6	1e-5	NA	9e-2	NA	NA	z=240; δoff=9; cmul=4; cexp=5; csep=1024; large-scale superconducting qubit platforms with nearest-neighbor connectivity	物理量子ビット種: [large-scale superconducting qubit platforms with nearest neighbor connectivity](https://arxiv.org/pdf/1905.09749#page=2)	3nd = 6z row。	NA	NA	NA	NA
2019-05-23	有限体離散対数	[Gidney and Ekera 2021 Table 4](https://arxiv.org/pdf/1905.09749#page=18)	safe-prime short DLP, n=12288	surface code物理実装込み / code distance option 2	0	NA	1.7e8	NA	NA	NA	NA	NA	5.4e4	1.2e8	superconducting qubit platform / planar nearest-neighbor connectivity	planar surface code	superconducting qubits	1e-3	3.1e1	1e-6	1e-5	NA	9e-2	NA	NA	z=240; δoff=9; cmul=4; cexp=5; csep=1024; large-scale superconducting qubit platforms with nearest-neighbor connectivity	物理量子ビット種: [large-scale superconducting qubit platforms with nearest neighbor connectivity](https://arxiv.org/pdf/1905.09749#page=2)	3nd = 6z row。	NA	NA	NA	NA
2019-05-23	有限体離散対数	[Gidney and Ekera 2021 Table 4](https://arxiv.org/pdf/1905.09749#page=18)	safe-prime short DLP, n=16384	surface code物理実装込み / code distance option 1	0	NA	2.2e8	NA	NA	NA	NA	NA	8.28e4	2.5e8	superconducting qubit platform / planar nearest-neighbor connectivity	planar surface code	superconducting qubits	1e-3	1.7e1	1e-6	1e-5	NA	1.7e-1	NA	NA	z=272; δoff=5; cmul=4; cexp=5; csep=1024; large-scale superconducting qubit platforms with nearest-neighbor connectivity	物理量子ビット種: [large-scale superconducting qubit platforms with nearest neighbor connectivity](https://arxiv.org/pdf/1905.09749#page=2)	3nd = 6z row。	NA	NA	NA	NA
2019-05-23	有限体離散対数	[Gidney and Ekera 2021 Table 4](https://arxiv.org/pdf/1905.09749#page=18)	safe-prime short DLP, n=16384	surface code物理実装込み / code distance option 2	0	NA	2.2e8	NA	NA	NA	NA	NA	8.28e4	2.5e8	superconducting qubit platform / planar nearest-neighbor connectivity	planar surface code	superconducting qubits	1e-3	3.1e1	1e-6	1e-5	NA	1.7e-1	NA	NA	z=272; δoff=5; cmul=4; cexp=5; csep=1024; large-scale superconducting qubit platforms with nearest-neighbor connectivity	物理量子ビット種: [large-scale superconducting qubit platforms with nearest neighbor connectivity](https://arxiv.org/pdf/1905.09749#page=2)	3nd = 6z row。	NA	NA	NA	NA
2019-05-23	有限体離散対数	[Gidney and Ekera 2021 Table 4](https://arxiv.org/pdf/1905.09749#page=18)	safe-prime short DLP, n=2048	surface code物理実装込み / code distance option 1	0	NA	2e7	NA	NA	NA	NA	NA	4.32e3	1e6	superconducting qubit platform / planar nearest-neighbor connectivity	planar surface code	superconducting qubits	1e-3	1.5e1	1e-6	1e-5	NA	9e-2	NA	NA	z=112; δoff=3; cmul=5; cexp=5; csep=1024; large-scale superconducting qubit platforms with nearest-neighbor connectivity	物理量子ビット種: [large-scale superconducting qubit platforms with nearest neighbor connectivity](https://arxiv.org/pdf/1905.09749#page=2)	3nd = 6z row。	NA	NA	NA	NA
2019-05-23	有限体離散対数	[Gidney and Ekera 2021 Table 4](https://arxiv.org/pdf/1905.09749#page=18)	safe-prime short DLP, n=2048	surface code物理実装込み / code distance option 2	0	NA	2e7	NA	NA	NA	NA	NA	4.32e3	1e6	superconducting qubit platform / planar nearest-neighbor connectivity	planar surface code	superconducting qubits	1e-3	2.7e1	1e-6	1e-5	NA	9e-2	NA	NA	z=112; δoff=3; cmul=5; cexp=5; csep=1024; large-scale superconducting qubit platforms with nearest-neighbor connectivity	物理量子ビット種: [large-scale superconducting qubit platforms with nearest neighbor connectivity](https://arxiv.org/pdf/1905.09749#page=2)	3nd = 6z row。	NA	NA	NA	NA
2019-05-23	有限体離散対数	[Gidney and Ekera 2021 Table 4](https://arxiv.org/pdf/1905.09749#page=18)	safe-prime short DLP, n=3072	surface code物理実装込み / code distance option 1	0	NA	2.9e7	NA	NA	NA	NA	NA	7.2e3	2.9e6	superconducting qubit platform / planar nearest-neighbor connectivity	planar surface code	superconducting qubits	1e-3	1.5e1	1e-6	1e-5	NA	1.8e-1	NA	NA	z=128; δoff=9; cmul=5; cexp=5; csep=1024; large-scale superconducting qubit platforms with nearest-neighbor connectivity	物理量子ビット種: [large-scale superconducting qubit platforms with nearest neighbor connectivity](https://arxiv.org/pdf/1905.09749#page=2)	3nd = 6z row。	NA	NA	NA	NA
2019-05-23	有限体離散対数	[Gidney and Ekera 2021 Table 4](https://arxiv.org/pdf/1905.09749#page=18)	safe-prime short DLP, n=3072	surface code物理実装込み / code distance option 2	0	NA	2.9e7	NA	NA	NA	NA	NA	7.2e3	2.9e6	superconducting qubit platform / planar nearest-neighbor connectivity	planar surface code	superconducting qubits	1e-3	2.7e1	1e-6	1e-5	NA	1.8e-1	NA	NA	z=128; δoff=9; cmul=5; cexp=5; csep=1024; large-scale superconducting qubit platforms with nearest-neighbor connectivity	物理量子ビット種: [large-scale superconducting qubit platforms with nearest neighbor connectivity](https://arxiv.org/pdf/1905.09749#page=2)	3nd = 6z row。	NA	NA	NA	NA
2019-05-23	有限体離散対数	[Gidney and Ekera 2021 Table 4](https://arxiv.org/pdf/1905.09749#page=18)	safe-prime short DLP, n=4096	surface code物理実装込み / code distance option 1	0	NA	5.1e7	NA	NA	NA	NA	NA	1.116e4	6.8e6	superconducting qubit platform / planar nearest-neighbor connectivity	planar surface code	superconducting qubits	1e-3	1.7e1	1e-6	1e-5	NA	4e-2	NA	NA	z=152; δoff=7; cmul=4; cexp=5; csep=1024; large-scale superconducting qubit platforms with nearest-neighbor connectivity	物理量子ビット種: [large-scale superconducting qubit platforms with nearest neighbor connectivity](https://arxiv.org/pdf/1905.09749#page=2)	3nd = 6z row。	NA	NA	NA	NA
2019-05-23	有限体離散対数	[Gidney and Ekera 2021 Table 4](https://arxiv.org/pdf/1905.09749#page=18)	safe-prime short DLP, n=4096	surface code物理実装込み / code distance option 2	0	NA	5.1e7	NA	NA	NA	NA	NA	1.116e4	6.8e6	superconducting qubit platform / planar nearest-neighbor connectivity	planar surface code	superconducting qubits	1e-3	2.9e1	1e-6	1e-5	NA	4e-2	NA	NA	z=152; δoff=7; cmul=4; cexp=5; csep=1024; large-scale superconducting qubit platforms with nearest-neighbor connectivity	物理量子ビット種: [large-scale superconducting qubit platforms with nearest neighbor connectivity](https://arxiv.org/pdf/1905.09749#page=2)	3nd = 6z row。	NA	NA	NA	NA
2019-05-23	有限体離散対数	[Gidney and Ekera 2021 Table 4](https://arxiv.org/pdf/1905.09749#page=18)	safe-prime short DLP, n=8192	surface code物理実装込み / code distance option 1	0	NA	1.1e8	NA	NA	NA	NA	NA	2.988e4	4e7	superconducting qubit platform / planar nearest-neighbor connectivity	planar surface code	superconducting qubits	1e-3	1.7e1	1e-6	1e-5	NA	5e-2	NA	NA	z=200; δoff=3; cmul=4; cexp=5; csep=1024; large-scale superconducting qubit platforms with nearest-neighbor connectivity	物理量子ビット種: [large-scale superconducting qubit platforms with nearest neighbor connectivity](https://arxiv.org/pdf/1905.09749#page=2)	3nd = 6z row。	NA	NA	NA	NA
2019-05-23	有限体離散対数	[Gidney and Ekera 2021 Table 4](https://arxiv.org/pdf/1905.09749#page=18)	safe-prime short DLP, n=8192	surface code物理実装込み / code distance option 2	0	NA	1.1e8	NA	NA	NA	NA	NA	2.988e4	4e7	superconducting qubit platform / planar nearest-neighbor connectivity	planar surface code	superconducting qubits	1e-3	3.1e1	1e-6	1e-5	NA	5e-2	NA	NA	z=200; δoff=3; cmul=4; cexp=5; csep=1024; large-scale superconducting qubit platforms with nearest-neighbor connectivity	物理量子ビット種: [large-scale superconducting qubit platforms with nearest neighbor connectivity](https://arxiv.org/pdf/1905.09749#page=2)	3nd = 6z row。	NA	NA	NA	NA
2019-10-23	その他 / ランダム量子回路サンプリング	[Arute et al. 2019](https://arxiv.org/pdf/1910.11333#page=41)	53 qubits, 20 cycles, 1e6 samples	Sycamore RCS experiment / no error correction	1	53	53	NA	NA	NA	NA	2e1	2e2	1.23e-1	Sycamore superconducting processor	NA	transmon superconducting qubits	6.2e-3	NA	NA	NA	1e6	NA	NA	NA	no error correction; random quantum circuit sampling; XEB benchmark; physical qubits treated as logical qubits	論理量子ビット=物理量子ビット: [53-qubit 20-cycle circuits](https://arxiv.org/pdf/1910.11333#page=41); 実行時間: [200 s required to acquire 1M samples](https://arxiv.org/pdf/1910.11333#page=60); 古典時間: [Liu et al. 2021, Sycamore sampling in 304 seconds](https://arxiv.org/pdf/2110.14502#page=17); 物理エラー率: [Table II mean simultaneous 2Q XEB e2 = 0.62%](https://arxiv.org/pdf/1910.11333#page=22)	誤り訂正なしの量子超越性実験。論理量子ビット数は物理量子ビット数と同一として扱う。Toffoli/T/Clifford総数は論文の主要リソース指標ではないためNA。古典計算時間は、Google元論文の10000年見積もりではなく、後続のSunway/Gordon Bell Prize workによる反論的な古典シミュレーション時間を採用。 物理エラー率は、誤り訂正なし実験の代表的な物理ゲートエラーとして論文記載の同時2量子ビットゲートPauli/XEBエラーを採用。	3.04e2	1.52	Sunway tensor-network simulation; 41,932,800 Sunway cores; mixed precision; strict quantum-supremacy comparison configuration for Google Sycamore sampling	古典計算根拠: [sampling task within 304 seconds](https://arxiv.org/pdf/2110.14502#page=17)
2020-07-28	量子化学 / FeMoco・触媒構造エネルギー推定	[von Burg et al. 2020 Table II](https://arxiv.org/pdf/2007.14460#page=14)	FeMoco N=54	Qubitization H [Berry et al.]	0	5.1e3	NA	2.3e11	NA	NA	NA	NA	NA	NA	NA	NA	NA	NA	NA	NA	NA	NA	NA	NA	NA	incoherent truncation threshold 1 mHartree; no specific physical qubit modality assigned in this table entry	NA	Table IIの比較行。物理量子ビット換算は本文では一般に「4000 logical qubits correspond to millions of physical qubits」と述べるに留まる。 状態準備: QPEのtrial stateはHF determinantを選ぶ仮定。DMRG由来CI展開でHF determinantのoverlapを評価し、対象Ru錯体では大きいため単一determinantで十分とする。小さい場合はmulti-determinant state preparationが必要と述べる。	NA	NA	NA	NA
2020-07-28	量子化学 / FeMoco・触媒構造エネルギー推定	[von Burg et al. 2020 Table II](https://arxiv.org/pdf/2007.14460#page=14)	FeMoco N=54	Qubitization HCD [Berry et al.]	0	3e3	NA	1.2e12	NA	NA	NA	NA	NA	NA	NA	NA	NA	NA	NA	NA	NA	NA	NA	NA	NA	incoherent truncation threshold 1 mHartree; no specific physical qubit modality assigned in this table entry	NA	Table IIの比較行。物理量子ビット換算は本文では一般に「4000 logical qubits correspond to millions of physical qubits」と述べるに留まる。 状態準備: QPEのtrial stateはHF determinantを選ぶ仮定。DMRG由来CI展開でHF determinantのoverlapを評価し、対象Ru錯体では大きいため単一determinantで十分とする。小さい場合はmulti-determinant state preparationが必要と述べる。	NA	NA	NA	NA
2020-07-28	量子化学 / FeMoco・触媒構造エネルギー推定	[von Burg et al. 2020 Table II](https://arxiv.org/pdf/2007.14460#page=14)	FeMoco N=54	Qubitization HDF / Toffoli gate time 10ms	0	3.6e3	NA	1.22e10	NA	NA	NA	NA	1.231e8	NA	NA	NA	NA	NA	NA	NA	NA	NA	NA	NA	NA	incoherent truncation threshold 1 mHartree; Toffoli gate time 10ms for runtime conversion; no specific physical qubit modality assigned in this table entry	Toffoli gate time: [Figure 5/Table I discussion assumes 10us per Toffoli and notes 10us-10ms architecture range](https://arxiv.org/pdf/2007.14460#page=13)	Table IIの比較行。物理量子ビット換算は本文では一般に「4000 logical qubits correspond to millions of physical qubits」と述べるに留まる。 状態準備: QPEのtrial stateはHF determinantを選ぶ仮定。DMRG由来CI展開でHF determinantのoverlapを評価し、対象Ru錯体では大きいため単一determinantで十分とする。小さい場合はmulti-determinant state preparationが必要と述べる。	NA	NA	NA	NA
2020-07-28	量子化学 / FeMoco・触媒構造エネルギー推定	[von Burg et al. 2020 Table II](https://arxiv.org/pdf/2007.14460#page=14)	FeMoco N=54	Qubitization HDF / Toffoli gate time 10us	0	3.6e3	NA	1.22e10	NA	NA	NA	NA	1.22e5	NA	NA	NA	NA	NA	NA	NA	NA	NA	NA	NA	NA	incoherent truncation threshold 1 mHartree; Toffoli gate time 10us for runtime conversion; no specific physical qubit modality assigned in this table entry	Toffoli gate time: [Figure 5/Table I discussion assumes 10us per Toffoli and notes 10us-10ms architecture range](https://arxiv.org/pdf/2007.14460#page=13)	Table IIの比較行。物理量子ビット換算は本文では一般に「4000 logical qubits correspond to millions of physical qubits」と述べるに留まる。 状態準備: QPEのtrial stateはHF determinantを選ぶ仮定。DMRG由来CI展開でHF determinantのoverlapを評価し、対象Ru錯体では大きいため単一determinantで十分とする。小さい場合はmulti-determinant state preparationが必要と述べる。	NA	NA	NA	NA
2020-07-28	量子化学 / FeMoco・触媒構造エネルギー推定	[von Burg et al. 2020 Table II](https://arxiv.org/pdf/2007.14460#page=14)	FeMoco N=54	Trotterization H [Reiher 2016]	0	1.42e2	NA	1.5e14	NA	NA	NA	NA	NA	NA	NA	NA	NA	NA	NA	NA	NA	NA	NA	NA	NA	incoherent truncation threshold 1 mHartree; no specific physical qubit modality assigned in this table entry	NA	Table IIの比較行。物理量子ビット換算は本文では一般に「4000 logical qubits correspond to millions of physical qubits」と述べるに留まる。 状態準備: QPEのtrial stateはHF determinantを選ぶ仮定。DMRG由来CI展開でHF determinantのoverlapを評価し、対象Ru錯体では大きいため単一determinantで十分とする。小さい場合はmulti-determinant state preparationが必要と述べる。	NA	NA	NA	NA
2020-07-28	量子化学 / FeMoco・触媒構造エネルギー推定	[von Burg et al. 2020 Table II](https://arxiv.org/pdf/2007.14460#page=14)	VIII N=65	Qubitization HDF / Toffoli gate time 10ms	0	4.6e3	NA	4.6e10	NA	NA	NA	NA	4.607e8	NA	NA	NA	NA	NA	NA	NA	NA	NA	NA	NA	NA	incoherent truncation threshold 1 mHartree; Toffoli gate time 10ms for runtime conversion; no specific physical qubit modality assigned in this table entry	Toffoli gate time: [Figure 5/Table I discussion assumes 10us per Toffoli and notes 10us-10ms architecture range](https://arxiv.org/pdf/2007.14460#page=13)	Table IIの比較行。物理量子ビット換算は本文では一般に「4000 logical qubits correspond to millions of physical qubits」と述べるに留まる。 状態準備: QPEのtrial stateはHF determinantを選ぶ仮定。DMRG由来CI展開でHF determinantのoverlapを評価し、対象Ru錯体では大きいため単一determinantで十分とする。小さい場合はmulti-determinant state preparationが必要と述べる。	NA	NA	NA	NA
2020-07-28	量子化学 / FeMoco・触媒構造エネルギー推定	[von Burg et al. 2020 Table II](https://arxiv.org/pdf/2007.14460#page=14)	VIII N=65	Qubitization HDF / Toffoli gate time 10us	0	4.6e3	NA	4.6e10	NA	NA	NA	NA	4.579e5	NA	NA	NA	NA	NA	NA	NA	NA	NA	NA	NA	NA	incoherent truncation threshold 1 mHartree; Toffoli gate time 10us for runtime conversion; no specific physical qubit modality assigned in this table entry	Toffoli gate time: [Figure 5/Table I discussion assumes 10us per Toffoli and notes 10us-10ms architecture range](https://arxiv.org/pdf/2007.14460#page=13)	Table IIの比較行。物理量子ビット換算は本文では一般に「4000 logical qubits correspond to millions of physical qubits」と述べるに留まる。 状態準備: QPEのtrial stateはHF determinantを選ぶ仮定。DMRG由来CI展開でHF determinantのoverlapを評価し、対象Ru錯体では大きいため単一determinantで十分とする。小さい場合はmulti-determinant state preparationが必要と述べる。	NA	NA	NA	NA
2020-07-28	量子化学 / CO2固定ルテニウム触媒エネルギー推定	[von Burg et al. 2020 Table I](https://arxiv.org/pdf/2007.14460#page=13)	catalytic-cycle structure I, 52 orbitals, 48 electrons	double-factorized qubitization / using fewer Toffolis / Toffoli gate time 10ms	0	6.9e3	NA	1.1e10	NA	NA	NA	NA	1.105e8	NA	NA	NA	NA	NA	NA	NA	NA	NA	NA	NA	NA	phase estimation error 1 mHartree; truncation threshold 1 mHartree; Toffoli gate time 10ms for runtime conversion; no specific physical qubit modality assigned in this table entry	Toffoli gate time: [Figure 5/Table I discussion assumes 10us per Toffoli and notes 10us-10ms architecture range](https://arxiv.org/pdf/2007.14460#page=13)	Table Iの論理見積もり。論文本文はToffoli gate time 10us-10msの幅を議論し、layout/Clifford overheadはToffoli gate timeに含める仮定。 状態準備: QPEのtrial stateはHF determinantを選ぶ仮定。DMRG由来CI展開でHF determinantのoverlapを評価し、対象Ru錯体では大きいため単一determinantで十分とする。小さい場合はmulti-determinant state preparationが必要と述べる。	NA	NA	NA	NA
2020-07-28	量子化学 / CO2固定ルテニウム触媒エネルギー推定	[von Burg et al. 2020 Table I](https://arxiv.org/pdf/2007.14460#page=13)	catalytic-cycle structure I, 52 orbitals, 48 electrons	double-factorized qubitization / using fewer Toffolis / Toffoli gate time 10us	0	6.9e3	NA	1.1e10	NA	NA	NA	NA	1.102e5	NA	NA	NA	NA	NA	NA	NA	NA	NA	NA	NA	NA	phase estimation error 1 mHartree; truncation threshold 1 mHartree; Toffoli gate time 10us for runtime conversion; no specific physical qubit modality assigned in this table entry	Toffoli gate time: [Figure 5/Table I discussion assumes 10us per Toffoli and notes 10us-10ms architecture range](https://arxiv.org/pdf/2007.14460#page=13)	Table Iの論理見積もり。論文本文はToffoli gate time 10us-10msの幅を議論し、layout/Clifford overheadはToffoli gate timeに含める仮定。 状態準備: QPEのtrial stateはHF determinantを選ぶ仮定。DMRG由来CI展開でHF determinantのoverlapを評価し、対象Ru錯体では大きいため単一determinantで十分とする。小さい場合はmulti-determinant state preparationが必要と述べる。	NA	NA	NA	NA
2020-07-28	量子化学 / CO2固定ルテニウム触媒エネルギー推定	[von Burg et al. 2020 Table I](https://arxiv.org/pdf/2007.14460#page=13)	catalytic-cycle structure I, 52 orbitals, 48 electrons	double-factorized qubitization / using fewer qubits / Toffoli gate time 10ms	0	3.4e3	NA	1.3e10	NA	NA	NA	NA	1.294e8	NA	NA	NA	NA	NA	NA	NA	NA	NA	NA	NA	NA	phase estimation error 1 mHartree; truncation threshold 1 mHartree; Toffoli gate time 10ms for runtime conversion; no specific physical qubit modality assigned in this table entry	Toffoli gate time: [Figure 5/Table I discussion assumes 10us per Toffoli and notes 10us-10ms architecture range](https://arxiv.org/pdf/2007.14460#page=13)	Table Iの論理見積もり。論文本文はToffoli gate time 10us-10msの幅を議論し、layout/Clifford overheadはToffoli gate timeに含める仮定。 状態準備: QPEのtrial stateはHF determinantを選ぶ仮定。DMRG由来CI展開でHF determinantのoverlapを評価し、対象Ru錯体では大きいため単一determinantで十分とする。小さい場合はmulti-determinant state preparationが必要と述べる。	NA	NA	NA	NA
2020-07-28	量子化学 / CO2固定ルテニウム触媒エネルギー推定	[von Burg et al. 2020 Table I](https://arxiv.org/pdf/2007.14460#page=13)	catalytic-cycle structure I, 52 orbitals, 48 electrons	double-factorized qubitization / using fewer qubits / Toffoli gate time 10us	0	3.4e3	NA	1.3e10	NA	NA	NA	NA	1.3e5	NA	NA	NA	NA	NA	NA	NA	NA	NA	NA	NA	NA	phase estimation error 1 mHartree; truncation threshold 1 mHartree; Toffoli gate time 10us for runtime conversion; no specific physical qubit modality assigned in this table entry	Toffoli gate time: [Figure 5/Table I discussion assumes 10us per Toffoli and notes 10us-10ms architecture range](https://arxiv.org/pdf/2007.14460#page=13)	Table Iの論理見積もり。論文本文はToffoli gate time 10us-10msの幅を議論し、layout/Clifford overheadはToffoli gate timeに含める仮定。 状態準備: QPEのtrial stateはHF determinantを選ぶ仮定。DMRG由来CI展開でHF determinantのoverlapを評価し、対象Ru錯体では大きいため単一determinantで十分とする。小さい場合はmulti-determinant state preparationが必要と述べる。	NA	NA	NA	NA
2020-07-28	量子化学 / CO2固定ルテニウム触媒エネルギー推定	[von Burg et al. 2020 Table I](https://arxiv.org/pdf/2007.14460#page=13)	catalytic-cycle structure II, 62 orbitals, 70 electrons	double-factorized qubitization / using fewer Toffolis / Toffoli gate time 10ms	0	8.4e3	NA	3.1e10	NA	NA	NA	NA	3.093e8	NA	NA	NA	NA	NA	NA	NA	NA	NA	NA	NA	NA	phase estimation error 1 mHartree; truncation threshold 1 mHartree; Toffoli gate time 10ms for runtime conversion; no specific physical qubit modality assigned in this table entry	Toffoli gate time: [Figure 5/Table I discussion assumes 10us per Toffoli and notes 10us-10ms architecture range](https://arxiv.org/pdf/2007.14460#page=13)	Table Iの論理見積もり。論文本文はToffoli gate time 10us-10msの幅を議論し、layout/Clifford overheadはToffoli gate timeに含める仮定。 状態準備: QPEのtrial stateはHF determinantを選ぶ仮定。DMRG由来CI展開でHF determinantのoverlapを評価し、対象Ru錯体では大きいため単一determinantで十分とする。小さい場合はmulti-determinant state preparationが必要と述べる。	NA	NA	NA	NA
2020-07-28	量子化学 / CO2固定ルテニウム触媒エネルギー推定	[von Burg et al. 2020 Table I](https://arxiv.org/pdf/2007.14460#page=13)	catalytic-cycle structure II, 62 orbitals, 70 electrons	double-factorized qubitization / using fewer Toffolis / Toffoli gate time 10us	0	8.4e3	NA	3.1e10	NA	NA	NA	NA	3.11e5	NA	NA	NA	NA	NA	NA	NA	NA	NA	NA	NA	NA	phase estimation error 1 mHartree; truncation threshold 1 mHartree; Toffoli gate time 10us for runtime conversion; no specific physical qubit modality assigned in this table entry	Toffoli gate time: [Figure 5/Table I discussion assumes 10us per Toffoli and notes 10us-10ms architecture range](https://arxiv.org/pdf/2007.14460#page=13)	Table Iの論理見積もり。論文本文はToffoli gate time 10us-10msの幅を議論し、layout/Clifford overheadはToffoli gate timeに含める仮定。 状態準備: QPEのtrial stateはHF determinantを選ぶ仮定。DMRG由来CI展開でHF determinantのoverlapを評価し、対象Ru錯体では大きいため単一determinantで十分とする。小さい場合はmulti-determinant state preparationが必要と述べる。	NA	NA	NA	NA
2020-07-28	量子化学 / CO2固定ルテニウム触媒エネルギー推定	[von Burg et al. 2020 Table I](https://arxiv.org/pdf/2007.14460#page=13)	catalytic-cycle structure II, 62 orbitals, 70 electrons	double-factorized qubitization / using fewer qubits / Toffoli gate time 10ms	0	4.2e3	NA	3.6e10	NA	NA	NA	NA	3.598e8	NA	NA	NA	NA	NA	NA	NA	NA	NA	NA	NA	NA	phase estimation error 1 mHartree; truncation threshold 1 mHartree; Toffoli gate time 10ms for runtime conversion; no specific physical qubit modality assigned in this table entry	Toffoli gate time: [Figure 5/Table I discussion assumes 10us per Toffoli and notes 10us-10ms architecture range](https://arxiv.org/pdf/2007.14460#page=13)	Table Iの論理見積もり。論文本文はToffoli gate time 10us-10msの幅を議論し、layout/Clifford overheadはToffoli gate timeに含める仮定。 状態準備: QPEのtrial stateはHF determinantを選ぶ仮定。DMRG由来CI展開でHF determinantのoverlapを評価し、対象Ru錯体では大きいため単一determinantで十分とする。小さい場合はmulti-determinant state preparationが必要と述べる。	NA	NA	NA	NA
2020-07-28	量子化学 / CO2固定ルテニウム触媒エネルギー推定	[von Burg et al. 2020 Table I](https://arxiv.org/pdf/2007.14460#page=13)	catalytic-cycle structure II, 62 orbitals, 70 electrons	double-factorized qubitization / using fewer qubits / Toffoli gate time 10us	0	4.2e3	NA	3.6e10	NA	NA	NA	NA	3.629e5	NA	NA	NA	NA	NA	NA	NA	NA	NA	NA	NA	NA	phase estimation error 1 mHartree; truncation threshold 1 mHartree; Toffoli gate time 10us for runtime conversion; no specific physical qubit modality assigned in this table entry	Toffoli gate time: [Figure 5/Table I discussion assumes 10us per Toffoli and notes 10us-10ms architecture range](https://arxiv.org/pdf/2007.14460#page=13)	Table Iの論理見積もり。論文本文はToffoli gate time 10us-10msの幅を議論し、layout/Clifford overheadはToffoli gate timeに含める仮定。 状態準備: QPEのtrial stateはHF determinantを選ぶ仮定。DMRG由来CI展開でHF determinantのoverlapを評価し、対象Ru錯体では大きいため単一determinantで十分とする。小さい場合はmulti-determinant state preparationが必要と述べる。	NA	NA	NA	NA
2020-07-28	量子化学 / CO2固定ルテニウム触媒エネルギー推定	[von Burg et al. 2020 Table I](https://arxiv.org/pdf/2007.14460#page=13)	catalytic-cycle structure II-III, 65 orbitals, 74 electrons	double-factorized qubitization / using fewer Toffolis / Toffoli gate time 10ms	0	8.9e3	NA	3.7e10	NA	NA	NA	NA	3.692e8	NA	NA	NA	NA	NA	NA	NA	NA	NA	NA	NA	NA	phase estimation error 1 mHartree; truncation threshold 1 mHartree; Toffoli gate time 10ms for runtime conversion; no specific physical qubit modality assigned in this table entry	Toffoli gate time: [Figure 5/Table I discussion assumes 10us per Toffoli and notes 10us-10ms architecture range](https://arxiv.org/pdf/2007.14460#page=13)	Table Iの論理見積もり。論文本文はToffoli gate time 10us-10msの幅を議論し、layout/Clifford overheadはToffoli gate timeに含める仮定。 状態準備: QPEのtrial stateはHF determinantを選ぶ仮定。DMRG由来CI展開でHF determinantのoverlapを評価し、対象Ru錯体では大きいため単一determinantで十分とする。小さい場合はmulti-determinant state preparationが必要と述べる。	NA	NA	NA	NA
2020-07-28	量子化学 / CO2固定ルテニウム触媒エネルギー推定	[von Burg et al. 2020 Table I](https://arxiv.org/pdf/2007.14460#page=13)	catalytic-cycle structure II-III, 65 orbitals, 74 electrons	double-factorized qubitization / using fewer Toffolis / Toffoli gate time 10us	0	8.9e3	NA	3.7e10	NA	NA	NA	NA	3.715e5	NA	NA	NA	NA	NA	NA	NA	NA	NA	NA	NA	NA	phase estimation error 1 mHartree; truncation threshold 1 mHartree; Toffoli gate time 10us for runtime conversion; no specific physical qubit modality assigned in this table entry	Toffoli gate time: [Figure 5/Table I discussion assumes 10us per Toffoli and notes 10us-10ms architecture range](https://arxiv.org/pdf/2007.14460#page=13)	Table Iの論理見積もり。論文本文はToffoli gate time 10us-10msの幅を議論し、layout/Clifford overheadはToffoli gate timeに含める仮定。 状態準備: QPEのtrial stateはHF determinantを選ぶ仮定。DMRG由来CI展開でHF determinantのoverlapを評価し、対象Ru錯体では大きいため単一determinantで十分とする。小さい場合はmulti-determinant state preparationが必要と述べる。	NA	NA	NA	NA
2020-07-28	量子化学 / CO2固定ルテニウム触媒エネルギー推定	[von Burg et al. 2020 Table I](https://arxiv.org/pdf/2007.14460#page=13)	catalytic-cycle structure II-III, 65 orbitals, 74 electrons	double-factorized qubitization / using fewer qubits / Toffoli gate time 10ms	0	4.4e3	NA	4.5e10	NA	NA	NA	NA	4.513e8	NA	NA	NA	NA	NA	NA	NA	NA	NA	NA	NA	NA	phase estimation error 1 mHartree; truncation threshold 1 mHartree; Toffoli gate time 10ms for runtime conversion; no specific physical qubit modality assigned in this table entry	Toffoli gate time: [Figure 5/Table I discussion assumes 10us per Toffoli and notes 10us-10ms architecture range](https://arxiv.org/pdf/2007.14460#page=13)	Table Iの論理見積もり。論文本文はToffoli gate time 10us-10msの幅を議論し、layout/Clifford overheadはToffoli gate timeに含める仮定。 状態準備: QPEのtrial stateはHF determinantを選ぶ仮定。DMRG由来CI展開でHF determinantのoverlapを評価し、対象Ru錯体では大きいため単一determinantで十分とする。小さい場合はmulti-determinant state preparationが必要と述べる。	NA	NA	NA	NA
2020-07-28	量子化学 / CO2固定ルテニウム触媒エネルギー推定	[von Burg et al. 2020 Table I](https://arxiv.org/pdf/2007.14460#page=13)	catalytic-cycle structure II-III, 65 orbitals, 74 electrons	double-factorized qubitization / using fewer qubits / Toffoli gate time 10us	0	4.4e3	NA	4.5e10	NA	NA	NA	NA	4.493e5	NA	NA	NA	NA	NA	NA	NA	NA	NA	NA	NA	NA	phase estimation error 1 mHartree; truncation threshold 1 mHartree; Toffoli gate time 10us for runtime conversion; no specific physical qubit modality assigned in this table entry	Toffoli gate time: [Figure 5/Table I discussion assumes 10us per Toffoli and notes 10us-10ms architecture range](https://arxiv.org/pdf/2007.14460#page=13)	Table Iの論理見積もり。論文本文はToffoli gate time 10us-10msの幅を議論し、layout/Clifford overheadはToffoli gate timeに含める仮定。 状態準備: QPEのtrial stateはHF determinantを選ぶ仮定。DMRG由来CI展開でHF determinantのoverlapを評価し、対象Ru錯体では大きいため単一determinantで十分とする。小さい場合はmulti-determinant state preparationが必要と述べる。	NA	NA	NA	NA
2020-07-28	量子化学 / CO2固定ルテニウム触媒エネルギー推定	[von Burg et al. 2020 Table I](https://arxiv.org/pdf/2007.14460#page=13)	catalytic-cycle structure IX, 62 orbitals, 68 electrons	double-factorized qubitization / using fewer Toffolis / Toffoli gate time 10ms	0	8.4e3	NA	3.1e10	NA	NA	NA	NA	3.093e8	NA	NA	NA	NA	NA	NA	NA	NA	NA	NA	NA	NA	phase estimation error 1 mHartree; truncation threshold 1 mHartree; Toffoli gate time 10ms for runtime conversion; no specific physical qubit modality assigned in this table entry	Toffoli gate time: [Figure 5/Table I discussion assumes 10us per Toffoli and notes 10us-10ms architecture range](https://arxiv.org/pdf/2007.14460#page=13)	Table Iの論理見積もり。論文本文はToffoli gate time 10us-10msの幅を議論し、layout/Clifford overheadはToffoli gate timeに含める仮定。 状態準備: QPEのtrial stateはHF determinantを選ぶ仮定。DMRG由来CI展開でHF determinantのoverlapを評価し、対象Ru錯体では大きいため単一determinantで十分とする。小さい場合はmulti-determinant state preparationが必要と述べる。	NA	NA	NA	NA
2020-07-28	量子化学 / CO2固定ルテニウム触媒エネルギー推定	[von Burg et al. 2020 Table I](https://arxiv.org/pdf/2007.14460#page=13)	catalytic-cycle structure IX, 62 orbitals, 68 electrons	double-factorized qubitization / using fewer Toffolis / Toffoli gate time 10us	0	8.4e3	NA	3.1e10	NA	NA	NA	NA	3.11e5	NA	NA	NA	NA	NA	NA	NA	NA	NA	NA	NA	NA	phase estimation error 1 mHartree; truncation threshold 1 mHartree; Toffoli gate time 10us for runtime conversion; no specific physical qubit modality assigned in this table entry	Toffoli gate time: [Figure 5/Table I discussion assumes 10us per Toffoli and notes 10us-10ms architecture range](https://arxiv.org/pdf/2007.14460#page=13)	Table Iの論理見積もり。論文本文はToffoli gate time 10us-10msの幅を議論し、layout/Clifford overheadはToffoli gate timeに含める仮定。 状態準備: QPEのtrial stateはHF determinantを選ぶ仮定。DMRG由来CI展開でHF determinantのoverlapを評価し、対象Ru錯体では大きいため単一determinantで十分とする。小さい場合はmulti-determinant state preparationが必要と述べる。	NA	NA	NA	NA
2020-07-28	量子化学 / CO2固定ルテニウム触媒エネルギー推定	[von Burg et al. 2020 Table I](https://arxiv.org/pdf/2007.14460#page=13)	catalytic-cycle structure IX, 62 orbitals, 68 electrons	double-factorized qubitization / using fewer qubits / Toffoli gate time 10ms	0	4.2e3	NA	3.5e10	NA	NA	NA	NA	3.503e8	NA	NA	NA	NA	NA	NA	NA	NA	NA	NA	NA	NA	phase estimation error 1 mHartree; truncation threshold 1 mHartree; Toffoli gate time 10ms for runtime conversion; no specific physical qubit modality assigned in this table entry	Toffoli gate time: [Figure 5/Table I discussion assumes 10us per Toffoli and notes 10us-10ms architecture range](https://arxiv.org/pdf/2007.14460#page=13)	Table Iの論理見積もり。論文本文はToffoli gate time 10us-10msの幅を議論し、layout/Clifford overheadはToffoli gate timeに含める仮定。 状態準備: QPEのtrial stateはHF determinantを選ぶ仮定。DMRG由来CI展開でHF determinantのoverlapを評価し、対象Ru錯体では大きいため単一determinantで十分とする。小さい場合はmulti-determinant state preparationが必要と述べる。	NA	NA	NA	NA
2020-07-28	量子化学 / CO2固定ルテニウム触媒エネルギー推定	[von Burg et al. 2020 Table I](https://arxiv.org/pdf/2007.14460#page=13)	catalytic-cycle structure IX, 62 orbitals, 68 electrons	double-factorized qubitization / using fewer qubits / Toffoli gate time 10us	0	4.2e3	NA	3.5e10	NA	NA	NA	NA	3.542e5	NA	NA	NA	NA	NA	NA	NA	NA	NA	NA	NA	NA	phase estimation error 1 mHartree; truncation threshold 1 mHartree; Toffoli gate time 10us for runtime conversion; no specific physical qubit modality assigned in this table entry	Toffoli gate time: [Figure 5/Table I discussion assumes 10us per Toffoli and notes 10us-10ms architecture range](https://arxiv.org/pdf/2007.14460#page=13)	Table Iの論理見積もり。論文本文はToffoli gate time 10us-10msの幅を議論し、layout/Clifford overheadはToffoli gate timeに含める仮定。 状態準備: QPEのtrial stateはHF determinantを選ぶ仮定。DMRG由来CI展開でHF determinantのoverlapを評価し、対象Ru錯体では大きいため単一determinantで十分とする。小さい場合はmulti-determinant state preparationが必要と述べる。	NA	NA	NA	NA
2020-07-28	量子化学 / CO2固定ルテニウム触媒エネルギー推定	[von Burg et al. 2020 Table I](https://arxiv.org/pdf/2007.14460#page=13)	catalytic-cycle structure V, 60 orbitals, 68 electrons	double-factorized qubitization / using fewer Toffolis / Toffoli gate time 10ms	0	8.2e3	NA	2.9e10	NA	NA	NA	NA	2.903e8	NA	NA	NA	NA	NA	NA	NA	NA	NA	NA	NA	NA	phase estimation error 1 mHartree; truncation threshold 1 mHartree; Toffoli gate time 10ms for runtime conversion; no specific physical qubit modality assigned in this table entry	Toffoli gate time: [Figure 5/Table I discussion assumes 10us per Toffoli and notes 10us-10ms architecture range](https://arxiv.org/pdf/2007.14460#page=13)	Table Iの論理見積もり。論文本文はToffoli gate time 10us-10msの幅を議論し、layout/Clifford overheadはToffoli gate timeに含める仮定。 状態準備: QPEのtrial stateはHF determinantを選ぶ仮定。DMRG由来CI展開でHF determinantのoverlapを評価し、対象Ru錯体では大きいため単一determinantで十分とする。小さい場合はmulti-determinant state preparationが必要と述べる。	NA	NA	NA	NA
2020-07-28	量子化学 / CO2固定ルテニウム触媒エネルギー推定	[von Burg et al. 2020 Table I](https://arxiv.org/pdf/2007.14460#page=13)	catalytic-cycle structure V, 60 orbitals, 68 electrons	double-factorized qubitization / using fewer Toffolis / Toffoli gate time 10us	0	8.2e3	NA	2.9e10	NA	NA	NA	NA	2.938e5	NA	NA	NA	NA	NA	NA	NA	NA	NA	NA	NA	NA	phase estimation error 1 mHartree; truncation threshold 1 mHartree; Toffoli gate time 10us for runtime conversion; no specific physical qubit modality assigned in this table entry	Toffoli gate time: [Figure 5/Table I discussion assumes 10us per Toffoli and notes 10us-10ms architecture range](https://arxiv.org/pdf/2007.14460#page=13)	Table Iの論理見積もり。論文本文はToffoli gate time 10us-10msの幅を議論し、layout/Clifford overheadはToffoli gate timeに含める仮定。 状態準備: QPEのtrial stateはHF determinantを選ぶ仮定。DMRG由来CI展開でHF determinantのoverlapを評価し、対象Ru錯体では大きいため単一determinantで十分とする。小さい場合はmulti-determinant state preparationが必要と述べる。	NA	NA	NA	NA
2020-07-28	量子化学 / CO2固定ルテニウム触媒エネルギー推定	[von Burg et al. 2020 Table I](https://arxiv.org/pdf/2007.14460#page=13)	catalytic-cycle structure V, 60 orbitals, 68 electrons	double-factorized qubitization / using fewer qubits / Toffoli gate time 10ms	0	4.1e3	NA	3.3e10	NA	NA	NA	NA	3.314e8	NA	NA	NA	NA	NA	NA	NA	NA	NA	NA	NA	NA	phase estimation error 1 mHartree; truncation threshold 1 mHartree; Toffoli gate time 10ms for runtime conversion; no specific physical qubit modality assigned in this table entry	Toffoli gate time: [Figure 5/Table I discussion assumes 10us per Toffoli and notes 10us-10ms architecture range](https://arxiv.org/pdf/2007.14460#page=13)	Table Iの論理見積もり。論文本文はToffoli gate time 10us-10msの幅を議論し、layout/Clifford overheadはToffoli gate timeに含める仮定。 状態準備: QPEのtrial stateはHF determinantを選ぶ仮定。DMRG由来CI展開でHF determinantのoverlapを評価し、対象Ru錯体では大きいため単一determinantで十分とする。小さい場合はmulti-determinant state preparationが必要と述べる。	NA	NA	NA	NA
2020-07-28	量子化学 / CO2固定ルテニウム触媒エネルギー推定	[von Burg et al. 2020 Table I](https://arxiv.org/pdf/2007.14460#page=13)	catalytic-cycle structure V, 60 orbitals, 68 electrons	double-factorized qubitization / using fewer qubits / Toffoli gate time 10us	0	4.1e3	NA	3.3e10	NA	NA	NA	NA	3.283e5	NA	NA	NA	NA	NA	NA	NA	NA	NA	NA	NA	NA	phase estimation error 1 mHartree; truncation threshold 1 mHartree; Toffoli gate time 10us for runtime conversion; no specific physical qubit modality assigned in this table entry	Toffoli gate time: [Figure 5/Table I discussion assumes 10us per Toffoli and notes 10us-10ms architecture range](https://arxiv.org/pdf/2007.14460#page=13)	Table Iの論理見積もり。論文本文はToffoli gate time 10us-10msの幅を議論し、layout/Clifford overheadはToffoli gate timeに含める仮定。 状態準備: QPEのtrial stateはHF determinantを選ぶ仮定。DMRG由来CI展開でHF determinantのoverlapを評価し、対象Ru錯体では大きいため単一determinantで十分とする。小さい場合はmulti-determinant state preparationが必要と述べる。	NA	NA	NA	NA
2020-07-28	量子化学 / CO2固定ルテニウム触媒エネルギー推定	[von Burg et al. 2020 Table I](https://arxiv.org/pdf/2007.14460#page=13)	catalytic-cycle structure VIII, 65 orbitals, 76 electrons	double-factorized qubitization / using fewer Toffolis / Toffoli gate time 10ms	0	8.9e3	NA	3.8e10	NA	NA	NA	NA	3.787e8	NA	NA	NA	NA	NA	NA	NA	NA	NA	NA	NA	NA	phase estimation error 1 mHartree; truncation threshold 1 mHartree; Toffoli gate time 10ms for runtime conversion; no specific physical qubit modality assigned in this table entry	Toffoli gate time: [Figure 5/Table I discussion assumes 10us per Toffoli and notes 10us-10ms architecture range](https://arxiv.org/pdf/2007.14460#page=13)	Table Iの論理見積もり。論文本文はToffoli gate time 10us-10msの幅を議論し、layout/Clifford overheadはToffoli gate timeに含める仮定。 状態準備: QPEのtrial stateはHF determinantを選ぶ仮定。DMRG由来CI展開でHF determinantのoverlapを評価し、対象Ru錯体では大きいため単一determinantで十分とする。小さい場合はmulti-determinant state preparationが必要と述べる。	NA	NA	NA	NA
2020-07-28	量子化学 / CO2固定ルテニウム触媒エネルギー推定	[von Burg et al. 2020 Table I](https://arxiv.org/pdf/2007.14460#page=13)	catalytic-cycle structure VIII, 65 orbitals, 76 electrons	double-factorized qubitization / using fewer Toffolis / Toffoli gate time 10us	0	8.9e3	NA	3.8e10	NA	NA	NA	NA	3.802e5	NA	NA	NA	NA	NA	NA	NA	NA	NA	NA	NA	NA	phase estimation error 1 mHartree; truncation threshold 1 mHartree; Toffoli gate time 10us for runtime conversion; no specific physical qubit modality assigned in this table entry	Toffoli gate time: [Figure 5/Table I discussion assumes 10us per Toffoli and notes 10us-10ms architecture range](https://arxiv.org/pdf/2007.14460#page=13)	Table Iの論理見積もり。論文本文はToffoli gate time 10us-10msの幅を議論し、layout/Clifford overheadはToffoli gate timeに含める仮定。 状態準備: QPEのtrial stateはHF determinantを選ぶ仮定。DMRG由来CI展開でHF determinantのoverlapを評価し、対象Ru錯体では大きいため単一determinantで十分とする。小さい場合はmulti-determinant state preparationが必要と述べる。	NA	NA	NA	NA
2020-07-28	量子化学 / CO2固定ルテニウム触媒エネルギー推定	[von Burg et al. 2020 Table I](https://arxiv.org/pdf/2007.14460#page=13)	catalytic-cycle structure VIII, 65 orbitals, 76 electrons	double-factorized qubitization / using fewer qubits / Toffoli gate time 10ms	0	4.4e3	NA	4.6e10	NA	NA	NA	NA	4.607e8	NA	NA	NA	NA	NA	NA	NA	NA	NA	NA	NA	NA	phase estimation error 1 mHartree; truncation threshold 1 mHartree; Toffoli gate time 10ms for runtime conversion; no specific physical qubit modality assigned in this table entry	Toffoli gate time: [Figure 5/Table I discussion assumes 10us per Toffoli and notes 10us-10ms architecture range](https://arxiv.org/pdf/2007.14460#page=13)	Table Iの論理見積もり。論文本文はToffoli gate time 10us-10msの幅を議論し、layout/Clifford overheadはToffoli gate timeに含める仮定。 状態準備: QPEのtrial stateはHF determinantを選ぶ仮定。DMRG由来CI展開でHF determinantのoverlapを評価し、対象Ru錯体では大きいため単一determinantで十分とする。小さい場合はmulti-determinant state preparationが必要と述べる。	NA	NA	NA	NA
2020-07-28	量子化学 / CO2固定ルテニウム触媒エネルギー推定	[von Burg et al. 2020 Table I](https://arxiv.org/pdf/2007.14460#page=13)	catalytic-cycle structure VIII, 65 orbitals, 76 electrons	double-factorized qubitization / using fewer qubits / Toffoli gate time 10us	0	4.4e3	NA	4.6e10	NA	NA	NA	NA	4.579e5	NA	NA	NA	NA	NA	NA	NA	NA	NA	NA	NA	NA	phase estimation error 1 mHartree; truncation threshold 1 mHartree; Toffoli gate time 10us for runtime conversion; no specific physical qubit modality assigned in this table entry	Toffoli gate time: [Figure 5/Table I discussion assumes 10us per Toffoli and notes 10us-10ms architecture range](https://arxiv.org/pdf/2007.14460#page=13)	Table Iの論理見積もり。論文本文はToffoli gate time 10us-10msの幅を議論し、layout/Clifford overheadはToffoli gate timeに含める仮定。 状態準備: QPEのtrial stateはHF determinantを選ぶ仮定。DMRG由来CI展開でHF determinantのoverlapを評価し、対象Ru錯体では大きいため単一determinantで十分とする。小さい場合はmulti-determinant state preparationが必要と述べる。	NA	NA	NA	NA
2020-07-28	量子化学 / CO2固定ルテニウム触媒エネルギー推定	[von Burg et al. 2020 Table I](https://arxiv.org/pdf/2007.14460#page=13)	catalytic-cycle structure VIII-IX, 59 orbitals, 72 electrons	double-factorized qubitization / using fewer Toffolis / Toffoli gate time 10ms	0	8e3	NA	2.9e10	NA	NA	NA	NA	2.903e8	NA	NA	NA	NA	NA	NA	NA	NA	NA	NA	NA	NA	phase estimation error 1 mHartree; truncation threshold 1 mHartree; Toffoli gate time 10ms for runtime conversion; no specific physical qubit modality assigned in this table entry	Toffoli gate time: [Figure 5/Table I discussion assumes 10us per Toffoli and notes 10us-10ms architecture range](https://arxiv.org/pdf/2007.14460#page=13)	Table Iの論理見積もり。論文本文はToffoli gate time 10us-10msの幅を議論し、layout/Clifford overheadはToffoli gate timeに含める仮定。 状態準備: QPEのtrial stateはHF determinantを選ぶ仮定。DMRG由来CI展開でHF determinantのoverlapを評価し、対象Ru錯体では大きいため単一determinantで十分とする。小さい場合はmulti-determinant state preparationが必要と述べる。	NA	NA	NA	NA
2020-07-28	量子化学 / CO2固定ルテニウム触媒エネルギー推定	[von Burg et al. 2020 Table I](https://arxiv.org/pdf/2007.14460#page=13)	catalytic-cycle structure VIII-IX, 59 orbitals, 72 electrons	double-factorized qubitization / using fewer Toffolis / Toffoli gate time 10us	0	8e3	NA	2.9e10	NA	NA	NA	NA	2.938e5	NA	NA	NA	NA	NA	NA	NA	NA	NA	NA	NA	NA	phase estimation error 1 mHartree; truncation threshold 1 mHartree; Toffoli gate time 10us for runtime conversion; no specific physical qubit modality assigned in this table entry	Toffoli gate time: [Figure 5/Table I discussion assumes 10us per Toffoli and notes 10us-10ms architecture range](https://arxiv.org/pdf/2007.14460#page=13)	Table Iの論理見積もり。論文本文はToffoli gate time 10us-10msの幅を議論し、layout/Clifford overheadはToffoli gate timeに含める仮定。 状態準備: QPEのtrial stateはHF determinantを選ぶ仮定。DMRG由来CI展開でHF determinantのoverlapを評価し、対象Ru錯体では大きいため単一determinantで十分とする。小さい場合はmulti-determinant state preparationが必要と述べる。	NA	NA	NA	NA
2020-07-28	量子化学 / CO2固定ルテニウム触媒エネルギー推定	[von Burg et al. 2020 Table I](https://arxiv.org/pdf/2007.14460#page=13)	catalytic-cycle structure VIII-IX, 59 orbitals, 72 electrons	double-factorized qubitization / using fewer qubits / Toffoli gate time 10ms	0	4e3	NA	3.4e10	NA	NA	NA	NA	3.408e8	NA	NA	NA	NA	NA	NA	NA	NA	NA	NA	NA	NA	phase estimation error 1 mHartree; truncation threshold 1 mHartree; Toffoli gate time 10ms for runtime conversion; no specific physical qubit modality assigned in this table entry	Toffoli gate time: [Figure 5/Table I discussion assumes 10us per Toffoli and notes 10us-10ms architecture range](https://arxiv.org/pdf/2007.14460#page=13)	Table Iの論理見積もり。論文本文はToffoli gate time 10us-10msの幅を議論し、layout/Clifford overheadはToffoli gate timeに含める仮定。 状態準備: QPEのtrial stateはHF determinantを選ぶ仮定。DMRG由来CI展開でHF determinantのoverlapを評価し、対象Ru錯体では大きいため単一determinantで十分とする。小さい場合はmulti-determinant state preparationが必要と述べる。	NA	NA	NA	NA
2020-07-28	量子化学 / CO2固定ルテニウム触媒エネルギー推定	[von Burg et al. 2020 Table I](https://arxiv.org/pdf/2007.14460#page=13)	catalytic-cycle structure VIII-IX, 59 orbitals, 72 electrons	double-factorized qubitization / using fewer qubits / Toffoli gate time 10us	0	4e3	NA	3.4e10	NA	NA	NA	NA	3.37e5	NA	NA	NA	NA	NA	NA	NA	NA	NA	NA	NA	NA	phase estimation error 1 mHartree; truncation threshold 1 mHartree; Toffoli gate time 10us for runtime conversion; no specific physical qubit modality assigned in this table entry	Toffoli gate time: [Figure 5/Table I discussion assumes 10us per Toffoli and notes 10us-10ms architecture range](https://arxiv.org/pdf/2007.14460#page=13)	Table Iの論理見積もり。論文本文はToffoli gate time 10us-10msの幅を議論し、layout/Clifford overheadはToffoli gate timeに含める仮定。 状態準備: QPEのtrial stateはHF determinantを選ぶ仮定。DMRG由来CI展開でHF determinantのoverlapを評価し、対象Ru錯体では大きいため単一determinantで十分とする。小さい場合はmulti-determinant state preparationが必要と述べる。	NA	NA	NA	NA
2020-07-28	量子化学 / CO2固定ルテニウム触媒エネルギー推定	[von Burg et al. 2020 Table I](https://arxiv.org/pdf/2007.14460#page=13)	catalytic-cycle structure XVIII, 56 orbitals, 64 electrons	double-factorized qubitization / using fewer Toffolis / Toffoli gate time 10ms	0	7.4e3	NA	2.1e10	NA	NA	NA	NA	2.114e8	NA	NA	NA	NA	NA	NA	NA	NA	NA	NA	NA	NA	phase estimation error 1 mHartree; truncation threshold 1 mHartree; Toffoli gate time 10ms for runtime conversion; no specific physical qubit modality assigned in this table entry	Toffoli gate time: [Figure 5/Table I discussion assumes 10us per Toffoli and notes 10us-10ms architecture range](https://arxiv.org/pdf/2007.14460#page=13)	Table Iの論理見積もり。論文本文はToffoli gate time 10us-10msの幅を議論し、layout/Clifford overheadはToffoli gate timeに含める仮定。 状態準備: QPEのtrial stateはHF determinantを選ぶ仮定。DMRG由来CI展開でHF determinantのoverlapを評価し、対象Ru錯体では大きいため単一determinantで十分とする。小さい場合はmulti-determinant state preparationが必要と述べる。	NA	NA	NA	NA
2020-07-28	量子化学 / CO2固定ルテニウム触媒エネルギー推定	[von Burg et al. 2020 Table I](https://arxiv.org/pdf/2007.14460#page=13)	catalytic-cycle structure XVIII, 56 orbitals, 64 electrons	double-factorized qubitization / using fewer Toffolis / Toffoli gate time 10us	0	7.4e3	NA	2.1e10	NA	NA	NA	NA	2.074e5	NA	NA	NA	NA	NA	NA	NA	NA	NA	NA	NA	NA	phase estimation error 1 mHartree; truncation threshold 1 mHartree; Toffoli gate time 10us for runtime conversion; no specific physical qubit modality assigned in this table entry	Toffoli gate time: [Figure 5/Table I discussion assumes 10us per Toffoli and notes 10us-10ms architecture range](https://arxiv.org/pdf/2007.14460#page=13)	Table Iの論理見積もり。論文本文はToffoli gate time 10us-10msの幅を議論し、layout/Clifford overheadはToffoli gate timeに含める仮定。 状態準備: QPEのtrial stateはHF determinantを選ぶ仮定。DMRG由来CI展開でHF determinantのoverlapを評価し、対象Ru錯体では大きいため単一determinantで十分とする。小さい場合はmulti-determinant state preparationが必要と述べる。	NA	NA	NA	NA
2020-07-28	量子化学 / CO2固定ルテニウム触媒エネルギー推定	[von Burg et al. 2020 Table I](https://arxiv.org/pdf/2007.14460#page=13)	catalytic-cycle structure XVIII, 56 orbitals, 64 electrons	double-factorized qubitization / using fewer qubits / Toffoli gate time 10ms	0	3.7e3	NA	2.5e10	NA	NA	NA	NA	2.493e8	NA	NA	NA	NA	NA	NA	NA	NA	NA	NA	NA	NA	phase estimation error 1 mHartree; truncation threshold 1 mHartree; Toffoli gate time 10ms for runtime conversion; no specific physical qubit modality assigned in this table entry	Toffoli gate time: [Figure 5/Table I discussion assumes 10us per Toffoli and notes 10us-10ms architecture range](https://arxiv.org/pdf/2007.14460#page=13)	Table Iの論理見積もり。論文本文はToffoli gate time 10us-10msの幅を議論し、layout/Clifford overheadはToffoli gate timeに含める仮定。 状態準備: QPEのtrial stateはHF determinantを選ぶ仮定。DMRG由来CI展開でHF determinantのoverlapを評価し、対象Ru錯体では大きいため単一determinantで十分とする。小さい場合はmulti-determinant state preparationが必要と述べる。	NA	NA	NA	NA
2020-07-28	量子化学 / CO2固定ルテニウム触媒エネルギー推定	[von Burg et al. 2020 Table I](https://arxiv.org/pdf/2007.14460#page=13)	catalytic-cycle structure XVIII, 56 orbitals, 64 electrons	double-factorized qubitization / using fewer qubits / Toffoli gate time 10us	0	3.7e3	NA	2.5e10	NA	NA	NA	NA	2.506e5	NA	NA	NA	NA	NA	NA	NA	NA	NA	NA	NA	NA	phase estimation error 1 mHartree; truncation threshold 1 mHartree; Toffoli gate time 10us for runtime conversion; no specific physical qubit modality assigned in this table entry	Toffoli gate time: [Figure 5/Table I discussion assumes 10us per Toffoli and notes 10us-10ms architecture range](https://arxiv.org/pdf/2007.14460#page=13)	Table Iの論理見積もり。論文本文はToffoli gate time 10us-10msの幅を議論し、layout/Clifford overheadはToffoli gate timeに含める仮定。 状態準備: QPEのtrial stateはHF determinantを選ぶ仮定。DMRG由来CI展開でHF determinantのoverlapを評価し、対象Ru錯体では大きいため単一determinantで十分とする。小さい場合はmulti-determinant state preparationが必要と述べる。	NA	NA	NA	NA
2020-11-06	量子化学 / FeMoCoエネルギー推定	[Lee et al. 2020 Appendix C/D](https://arxiv.org/pdf/2011.03494#page=28)	Reiher FeMoCo active space	THC surface-code layout / data qubits内訳	0	7e2	NA	NA	NA	NA	NA	NA	NA	NA	NA	surface code + CCZ factories	not specified	1e-3	3.1e1	1e-6	NA	NA	NA	NA	NA	full footprint内のdata qubit storage成分; surface code cycle time 1us; physical gate error rate 0.1%; no specific physical qubit modality assigned in this paper entry	物理仮定: [1us cycle times and physical gate error rates no worse than 0.1%; no modality named](https://arxiv.org/pdf/2011.03494#page=1)	Figure 11/本文のdata qubits <700は、Figure 10の1908 logical qubits床面図に含まれる内訳であり、1908に足す値ではない。物理量子ビット・runtime・factory込みの値はfull footprint行を参照。	NA	NA	NA	NA
2020-11-06	量子化学 / FeMoCoエネルギー推定	[Lee et al. 2020 Appendix C/D](https://arxiv.org/pdf/2011.03494#page=28)	Reiher FeMoCo active space	THC surface-code layout / full footprint	0	1.908e3	4e6	6.7e9	NA	NA	NA	NA	2.592e5	1.2e7	NA	surface code + CCZ factories	not specified	1e-3	3.1e1	1e-6	1e-5	NA	NA	NA	NA	4 CCZ factories; Toffoli production rate 25 kHz; surface code cycle time 1us; physical gate error rate 0.1%; no specific physical qubit modality assigned in this paper entry	物理仮定: [1us cycle times and physical gate error rates no worse than 0.1%; no modality named](https://arxiv.org/pdf/2011.03494#page=1); reaction time: [10 microseconds](https://arxiv.org/pdf/2011.03494#page=28); physical qubits: [1908 x 2 x 32^2 ~= 4e6](https://arxiv.org/pdf/2011.03494#page=28); runtime: [3 days at 25 kHz Toffoli production](https://arxiv.org/pdf/2011.03494#page=31)	Figure 10は床面図全体が53 x 36 = 1908 logical qubitsで、data qubit storage、routing/work area、CCZ factories、AutoCCZ fixupを含む。物理量子ビットは1908 x 2 x 32^2 ~= 4e6。本文はunder four daysとも要約。0.01% errorでは同じ床面図をd=15で読み替え、約1 Mq・under two days。 状態準備: QPEの初期固有状態については、十分よいinitial guess stateを仮定する。HFなどが十分なoverlapを持つ場合やASP等の追加コストが位相推定に比べ小さい場合を想定し、FeMoCoのような難例ではよりよい状態準備が必要かもしれないと述べる。 時空間体積は4e6 qubits x 3 days = 1.2e7 qubit-days。	NA	NA	NA	NA
2020-11-06	量子化学 / FeMoCoエネルギー推定	[Lee et al. 2020 Appendix C/D](https://arxiv.org/pdf/2011.03494#page=28)	Reiher FeMoCo active space	THC surface-code layout / optimistic physical error rate	0	1.908e3	1e6	6.7e9	NA	NA	NA	NA	1.296e5	1.5e6	NA	surface code + CCZ factories	not specified	1e-4	1.5e1	1e-6	1e-5	NA	NA	NA	NA	4 CCZ factories; Toffoli production rate 25 kHz; surface code cycle time 1us; reaction time 10us; optimistic physical gate error rate 0.01%; no specific physical qubit modality assigned in this paper entry	物理仮定: [optimistic physical error rate 0.01%; code distance 15; physical qubit count shrinks to 1e6; execution time shrinks to 1.5 days](https://arxiv.org/pdf/2011.03494#page=31); reaction time: [10 microseconds](https://arxiv.org/pdf/2011.03494#page=28)	Lee et al. 2020 Appendix Cの楽観ケース。0.01% physical gate errorでは、同じFigure 10床面図をd=15で読み替え、物理量子ビット数は4e6から1e6へ、実行時間は3.5 daysから1.5 daysへ縮むと本文で述べる。ここでは実行時間を1.5 days = 1.296e5 s、時空間体積を1e6 qubits x 1.5 days = 1.5e6 qubit-daysとして数値化。物理量子ビット種は指定されていない。 状態準備: QPEの初期固有状態については、十分よいinitial guess stateを仮定する。HFなどが十分なoverlapを持つ場合やASP等の追加コストが位相推定に比べ小さい場合を想定し、FeMoCoのような難例ではよりよい状態準備が必要かもしれないと述べる。	NA	NA	NA	NA
2020-11-06	量子化学 / FeMoCoエネルギー推定	[Lee et al. 2020 Table III](https://arxiv.org/pdf/2011.03494#page=7)	Li FeMoCo active space	double factorization / QPE to chemical accuracy	0	6.404e3	NA	6.4e10	NA	NA	NA	NA	NA	NA	NA	NA	NA	NA	NA	NA	NA	NA	NA	NA	NA	Table IIIは10 bits state preparation、THC/DF rotationsはReiher 16 bits・Li 20 bits; logical Clifford+Toffoli model; no physical implementation assigned	NA	Trotter行はT gatesをToffoli-equivalentとして半分に換算した値、とTable注記。 状態準備: QPEの初期固有状態については、十分よいinitial guess stateを仮定する。HFなどが十分なoverlapを持つ場合やASP等の追加コストが位相推定に比べ小さい場合を想定し、FeMoCoのような難例ではよりよい状態準備が必要かもしれないと述べる。 古典比較: Zhai et al. 2026のLLDUC 76o/113e FeMo-co benchmarkは、Lee et al. 2020 Table IIIのLi Hamiltonian側に対応する古典基準として併記。Table IIIは論理リソースのみで物理量子ビット・量子実行時間は含まない。	8.244e4	NA	Zhai et al. 2026 FeMo-co LLDUC classical benchmark; ideal Frontier CPU+GPU FLOP normalization; UDMRG D=393000 two sweeps to 1 kcal/mol; practical implementation factors ignored as in the paper	古典計算時間: [22.9 hours = 8.244e4 s for two sweeps variational DMRG with D=393000 under ideal Frontier FLOP normalization](https://arxiv.org/pdf/2601.04621#page=11); CPU core-hour scaling: [4.08e9 CPU core hours](https://arxiv.org/pdf/2601.04621#page=10); model: [76 orbital/152 qubit LLDUC FeMo-co resting-state model](https://arxiv.org/pdf/2601.04621#page=1)
2020-11-06	量子化学 / FeMoCoエネルギー推定	[Lee et al. 2020 Table III](https://arxiv.org/pdf/2011.03494#page=7)	Li FeMoCo active space	qDRIFT / QPE to chemical accuracy	0	3.28e2	NA	1.8e28	NA	NA	NA	NA	NA	NA	NA	NA	NA	NA	NA	NA	NA	NA	NA	NA	NA	Table IIIは10 bits state preparation、THC/DF rotationsはReiher 16 bits・Li 20 bits; logical Clifford+Toffoli model; no physical implementation assigned	NA	Trotter行はT gatesをToffoli-equivalentとして半分に換算した値、とTable注記。 状態準備: QPEの初期固有状態については、十分よいinitial guess stateを仮定する。HFなどが十分なoverlapを持つ場合やASP等の追加コストが位相推定に比べ小さい場合を想定し、FeMoCoのような難例ではよりよい状態準備が必要かもしれないと述べる。 古典比較: Zhai et al. 2026のLLDUC 76o/113e FeMo-co benchmarkは、Lee et al. 2020 Table IIIのLi Hamiltonian側に対応する古典基準として併記。Table IIIは論理リソースのみで物理量子ビット・量子実行時間は含まない。	8.244e4	NA	Zhai et al. 2026 FeMo-co LLDUC classical benchmark; ideal Frontier CPU+GPU FLOP normalization; UDMRG D=393000 two sweeps to 1 kcal/mol; practical implementation factors ignored as in the paper	古典計算時間: [22.9 hours = 8.244e4 s for two sweeps variational DMRG with D=393000 under ideal Frontier FLOP normalization](https://arxiv.org/pdf/2601.04621#page=11); CPU core-hour scaling: [4.08e9 CPU core hours](https://arxiv.org/pdf/2601.04621#page=10); model: [76 orbital/152 qubit LLDUC FeMo-co resting-state model](https://arxiv.org/pdf/2601.04621#page=1)
2020-11-06	量子化学 / FeMoCoエネルギー推定	[Lee et al. 2020 Table III](https://arxiv.org/pdf/2011.03494#page=7)	Li FeMoCo active space	qDRIFT 95% confidence interval / QPE to chemical accuracy	0	3.1e2	NA	1e16	NA	NA	NA	NA	NA	NA	NA	NA	NA	NA	NA	NA	NA	NA	NA	NA	NA	Table IIIは10 bits state preparation、THC/DF rotationsはReiher 16 bits・Li 20 bits; logical Clifford+Toffoli model; no physical implementation assigned	NA	Trotter行はT gatesをToffoli-equivalentとして半分に換算した値、とTable注記。 状態準備: QPEの初期固有状態については、十分よいinitial guess stateを仮定する。HFなどが十分なoverlapを持つ場合やASP等の追加コストが位相推定に比べ小さい場合を想定し、FeMoCoのような難例ではよりよい状態準備が必要かもしれないと述べる。 古典比較: Zhai et al. 2026のLLDUC 76o/113e FeMo-co benchmarkは、Lee et al. 2020 Table IIIのLi Hamiltonian側に対応する古典基準として併記。Table IIIは論理リソースのみで物理量子ビット・量子実行時間は含まない。	8.244e4	NA	Zhai et al. 2026 FeMo-co LLDUC classical benchmark; ideal Frontier CPU+GPU FLOP normalization; UDMRG D=393000 two sweeps to 1 kcal/mol; practical implementation factors ignored as in the paper	古典計算時間: [22.9 hours = 8.244e4 s for two sweeps variational DMRG with D=393000 under ideal Frontier FLOP normalization](https://arxiv.org/pdf/2601.04621#page=11); CPU core-hour scaling: [4.08e9 CPU core hours](https://arxiv.org/pdf/2601.04621#page=10); model: [76 orbital/152 qubit LLDUC FeMo-co resting-state model](https://arxiv.org/pdf/2601.04621#page=1)
2020-11-06	量子化学 / FeMoCoエネルギー推定	[Lee et al. 2020 Table III](https://arxiv.org/pdf/2011.03494#page=7)	Li FeMoCo active space	single factorization / QPE to chemical accuracy	0	3.628e3	NA	1.2e11	NA	NA	NA	NA	NA	NA	NA	NA	NA	NA	NA	NA	NA	NA	NA	NA	NA	Table IIIは10 bits state preparation、THC/DF rotationsはReiher 16 bits・Li 20 bits; logical Clifford+Toffoli model; no physical implementation assigned	NA	Trotter行はT gatesをToffoli-equivalentとして半分に換算した値、とTable注記。 状態準備: QPEの初期固有状態については、十分よいinitial guess stateを仮定する。HFなどが十分なoverlapを持つ場合やASP等の追加コストが位相推定に比べ小さい場合を想定し、FeMoCoのような難例ではよりよい状態準備が必要かもしれないと述べる。 古典比較: Zhai et al. 2026のLLDUC 76o/113e FeMo-co benchmarkは、Lee et al. 2020 Table IIIのLi Hamiltonian側に対応する古典基準として併記。Table IIIは論理リソースのみで物理量子ビット・量子実行時間は含まない。	8.244e4	NA	Zhai et al. 2026 FeMo-co LLDUC classical benchmark; ideal Frontier CPU+GPU FLOP normalization; UDMRG D=393000 two sweeps to 1 kcal/mol; practical implementation factors ignored as in the paper	古典計算時間: [22.9 hours = 8.244e4 s for two sweeps variational DMRG with D=393000 under ideal Frontier FLOP normalization](https://arxiv.org/pdf/2601.04621#page=11); CPU core-hour scaling: [4.08e9 CPU core hours](https://arxiv.org/pdf/2601.04621#page=10); model: [76 orbital/152 qubit LLDUC FeMo-co resting-state model](https://arxiv.org/pdf/2601.04621#page=1)
2020-11-06	量子化学 / FeMoCoエネルギー推定	[Lee et al. 2020 Table III](https://arxiv.org/pdf/2011.03494#page=7)	Li FeMoCo active space	sparse / QPE to chemical accuracy	0	2.489e3	NA	4.4e10	NA	NA	NA	NA	NA	NA	NA	NA	NA	NA	NA	NA	NA	NA	NA	NA	NA	Table IIIは10 bits state preparation、THC/DF rotationsはReiher 16 bits・Li 20 bits; logical Clifford+Toffoli model; no physical implementation assigned	NA	Trotter行はT gatesをToffoli-equivalentとして半分に換算した値、とTable注記。 状態準備: QPEの初期固有状態については、十分よいinitial guess stateを仮定する。HFなどが十分なoverlapを持つ場合やASP等の追加コストが位相推定に比べ小さい場合を想定し、FeMoCoのような難例ではよりよい状態準備が必要かもしれないと述べる。 古典比較: Zhai et al. 2026のLLDUC 76o/113e FeMo-co benchmarkは、Lee et al. 2020 Table IIIのLi Hamiltonian側に対応する古典基準として併記。Table IIIは論理リソースのみで物理量子ビット・量子実行時間は含まない。	8.244e4	NA	Zhai et al. 2026 FeMo-co LLDUC classical benchmark; ideal Frontier CPU+GPU FLOP normalization; UDMRG D=393000 two sweeps to 1 kcal/mol; practical implementation factors ignored as in the paper	古典計算時間: [22.9 hours = 8.244e4 s for two sweeps variational DMRG with D=393000 under ideal Frontier FLOP normalization](https://arxiv.org/pdf/2601.04621#page=11); CPU core-hour scaling: [4.08e9 CPU core hours](https://arxiv.org/pdf/2601.04621#page=10); model: [76 orbital/152 qubit LLDUC FeMo-co resting-state model](https://arxiv.org/pdf/2601.04621#page=1)
2020-11-06	量子化学 / FeMoCoエネルギー推定	[Lee et al. 2020 Table III](https://arxiv.org/pdf/2011.03494#page=7)	Li FeMoCo active space	tensor hypercontraction / QPE to chemical accuracy	0	2.196e3	NA	3.2e10	NA	NA	NA	NA	NA	NA	NA	NA	NA	NA	NA	NA	NA	NA	NA	NA	NA	Table IIIは10 bits state preparation、THC/DF rotationsはReiher 16 bits・Li 20 bits; logical Clifford+Toffoli model; no physical implementation assigned	NA	Trotter行はT gatesをToffoli-equivalentとして半分に換算した値、とTable注記。 状態準備: QPEの初期固有状態については、十分よいinitial guess stateを仮定する。HFなどが十分なoverlapを持つ場合やASP等の追加コストが位相推定に比べ小さい場合を想定し、FeMoCoのような難例ではよりよい状態準備が必要かもしれないと述べる。 古典比較: Zhai et al. 2026のLLDUC 76o/113e FeMo-co benchmarkは、Lee et al. 2020 Table IIIのLi Hamiltonian側に対応する古典基準として併記。Table IIIは論理リソースのみで物理量子ビット・量子実行時間は含まない。	8.244e4	NA	Zhai et al. 2026 FeMo-co LLDUC classical benchmark; ideal Frontier CPU+GPU FLOP normalization; UDMRG D=393000 two sweeps to 1 kcal/mol; practical implementation factors ignored as in the paper	古典計算時間: [22.9 hours = 8.244e4 s for two sweeps variational DMRG with D=393000 under ideal Frontier FLOP normalization](https://arxiv.org/pdf/2601.04621#page=11); CPU core-hour scaling: [4.08e9 CPU core hours](https://arxiv.org/pdf/2601.04621#page=10); model: [76 orbital/152 qubit LLDUC FeMo-co resting-state model](https://arxiv.org/pdf/2601.04621#page=1)
2020-11-06	量子化学 / FeMoCoエネルギー推定	[Lee et al. 2020 Table III](https://arxiv.org/pdf/2011.03494#page=7)	Reiher FeMoCo active space	Reiher et al. Trotter / QPE to chemical accuracy	0	1.11e2	NA	5e13	NA	NA	NA	NA	NA	NA	NA	NA	NA	NA	NA	NA	NA	NA	NA	NA	NA	Table IIIは10 bits state preparation、THC/DF rotationsはReiher 16 bits・Li 20 bits; logical Clifford+Toffoli model; no physical implementation assigned	NA	Trotter行はT gatesをToffoli-equivalentとして半分に換算した値、とTable注記。 状態準備: QPEの初期固有状態については、十分よいinitial guess stateを仮定する。HFなどが十分なoverlapを持つ場合やASP等の追加コストが位相推定に比べ小さい場合を想定し、FeMoCoのような難例ではよりよい状態準備が必要かもしれないと述べる。	NA	NA	NA	NA
2020-11-06	量子化学 / FeMoCoエネルギー推定	[Lee et al. 2020 Table III](https://arxiv.org/pdf/2011.03494#page=7)	Reiher FeMoCo active space	double factorization / QPE to chemical accuracy	0	3.725e3	NA	1e10	NA	NA	NA	NA	NA	NA	NA	NA	NA	NA	NA	NA	NA	NA	NA	NA	NA	Table IIIは10 bits state preparation、THC/DF rotationsはReiher 16 bits・Li 20 bits; logical Clifford+Toffoli model; no physical implementation assigned	NA	Trotter行はT gatesをToffoli-equivalentとして半分に換算した値、とTable注記。 状態準備: QPEの初期固有状態については、十分よいinitial guess stateを仮定する。HFなどが十分なoverlapを持つ場合やASP等の追加コストが位相推定に比べ小さい場合を想定し、FeMoCoのような難例ではよりよい状態準備が必要かもしれないと述べる。	NA	NA	NA	NA
2020-11-06	量子化学 / FeMoCoエネルギー推定	[Lee et al. 2020 Table III](https://arxiv.org/pdf/2011.03494#page=7)	Reiher FeMoCo active space	qDRIFT / QPE to chemical accuracy	0	2.88e2	NA	5.2e27	NA	NA	NA	NA	NA	NA	NA	NA	NA	NA	NA	NA	NA	NA	NA	NA	NA	Table IIIは10 bits state preparation、THC/DF rotationsはReiher 16 bits・Li 20 bits; logical Clifford+Toffoli model; no physical implementation assigned	NA	Trotter行はT gatesをToffoli-equivalentとして半分に換算した値、とTable注記。 状態準備: QPEの初期固有状態については、十分よいinitial guess stateを仮定する。HFなどが十分なoverlapを持つ場合やASP等の追加コストが位相推定に比べ小さい場合を想定し、FeMoCoのような難例ではよりよい状態準備が必要かもしれないと述べる。	NA	NA	NA	NA
2020-11-06	量子化学 / FeMoCoエネルギー推定	[Lee et al. 2020 Table III](https://arxiv.org/pdf/2011.03494#page=7)	Reiher FeMoCo active space	qDRIFT 95% confidence interval / QPE to chemical accuracy	0	2.7e2	NA	1.9e16	NA	NA	NA	NA	NA	NA	NA	NA	NA	NA	NA	NA	NA	NA	NA	NA	NA	Table IIIは10 bits state preparation、THC/DF rotationsはReiher 16 bits・Li 20 bits; logical Clifford+Toffoli model; no physical implementation assigned	NA	Trotter行はT gatesをToffoli-equivalentとして半分に換算した値、とTable注記。 状態準備: QPEの初期固有状態については、十分よいinitial guess stateを仮定する。HFなどが十分なoverlapを持つ場合やASP等の追加コストが位相推定に比べ小さい場合を想定し、FeMoCoのような難例ではよりよい状態準備が必要かもしれないと述べる。	NA	NA	NA	NA
2020-11-06	量子化学 / FeMoCoエネルギー推定	[Lee et al. 2020 Table III](https://arxiv.org/pdf/2011.03494#page=7)	Reiher FeMoCo active space	single factorization / QPE to chemical accuracy	0	3.32e3	NA	9.5e10	NA	NA	NA	NA	NA	NA	NA	NA	NA	NA	NA	NA	NA	NA	NA	NA	NA	Table IIIは10 bits state preparation、THC/DF rotationsはReiher 16 bits・Li 20 bits; logical Clifford+Toffoli model; no physical implementation assigned	NA	Trotter行はT gatesをToffoli-equivalentとして半分に換算した値、とTable注記。 状態準備: QPEの初期固有状態については、十分よいinitial guess stateを仮定する。HFなどが十分なoverlapを持つ場合やASP等の追加コストが位相推定に比べ小さい場合を想定し、FeMoCoのような難例ではよりよい状態準備が必要かもしれないと述べる。	NA	NA	NA	NA
2020-11-06	量子化学 / FeMoCoエネルギー推定	[Lee et al. 2020 Table III](https://arxiv.org/pdf/2011.03494#page=7)	Reiher FeMoCo active space	sparse / QPE to chemical accuracy	0	2.19e3	NA	8.8e10	NA	NA	NA	NA	NA	NA	NA	NA	NA	NA	NA	NA	NA	NA	NA	NA	NA	Table IIIは10 bits state preparation、THC/DF rotationsはReiher 16 bits・Li 20 bits; logical Clifford+Toffoli model; no physical implementation assigned	NA	Trotter行はT gatesをToffoli-equivalentとして半分に換算した値、とTable注記。 状態準備: QPEの初期固有状態については、十分よいinitial guess stateを仮定する。HFなどが十分なoverlapを持つ場合やASP等の追加コストが位相推定に比べ小さい場合を想定し、FeMoCoのような難例ではよりよい状態準備が必要かもしれないと述べる。	NA	NA	NA	NA
2020-11-06	量子化学 / FeMoCoエネルギー推定	[Lee et al. 2020 Table III](https://arxiv.org/pdf/2011.03494#page=7)	Reiher FeMoCo active space	tensor hypercontraction / QPE to chemical accuracy	0	2.142e3	NA	5.3e9	NA	NA	NA	NA	NA	NA	NA	NA	NA	NA	NA	NA	NA	NA	NA	NA	NA	Table IIIは10 bits state preparation、THC/DF rotationsはReiher 16 bits・Li 20 bits; logical Clifford+Toffoli model; no physical implementation assigned	NA	Trotter行はT gatesをToffoli-equivalentとして半分に換算した値、とTable注記。 状態準備: QPEの初期固有状態については、十分よいinitial guess stateを仮定する。HFなどが十分なoverlapを持つ場合やASP等の追加コストが位相推定に比べ小さい場合を想定し、FeMoCoのような難例ではよりよい状態準備が必要かもしれないと述べる。	NA	NA	NA	NA
2021-06-29	その他 / ランダム量子回路サンプリング	[Wu et al. 2021](https://arxiv.org/pdf/2106.14734#page=4)	56 qubits, 20 cycles, 1.9e7 samples	Zuchongzhi 2.0 RCS experiment / no error correction	1	56	56	NA	NA	NA	NA	2e1	4.32e3	2.8e0	Zuchongzhi superconducting processor	NA	transmon superconducting qubits	5.9e-3	NA	NA	NA	1.9e7	NA	NA	NA	no error correction; random quantum circuit sampling; XEB benchmark; physical qubits treated as logical qubits	論理量子ビット=物理量子ビット: [56 qubits and 20 cycles](https://arxiv.org/pdf/2106.14734#page=1); 実行時間/shot: [1.9e7 bitstrings in 1.2 hours](https://arxiv.org/pdf/2106.14734#page=4); 古典時間: [Summitで8.2 years](https://arxiv.org/pdf/2106.14734#page=5); 物理エラー率: [average two-qubit gate Pauli error e2 = 0.59%](https://arxiv.org/pdf/2106.14734#page=3)	誤り訂正なしの量子計算優位性実験。論理量子ビット数は物理量子ビット数と同一として扱う。Toffoli/T/Clifford総数は論文の主要リソース指標ではないためNA。 物理エラー率は、誤り訂正なし実験の代表的な物理ゲートエラーとして論文記載の同時2量子ビットゲートPauli/XEBエラーを採用。	2.5877232e8	5.99e4	tensor-network algorithm on Summit; reproducing the sampled RCS task at reported fidelity	古典計算根拠: [simulating the sample task will take 8.2 years](https://arxiv.org/pdf/2106.14734#page=5)
2021-09-09	その他 / ランダム量子回路サンプリング	[Zhu et al. 2021](https://arxiv.org/pdf/2109.03494#page=5)	60 qubits, 24 cycles, 7.0e7 samples	Zuchongzhi 2.1 RCS experiment / no error correction	1	60	60	NA	NA	NA	NA	2.4e1	1.512e4	1.05e1	Zuchongzhi 2.1 superconducting processor	NA	transmon superconducting qubits	6.0e-3	NA	NA	NA	7e7	NA	NA	NA	no error correction; random quantum circuit sampling; XEB benchmark; physical qubits treated as logical qubits	論理量子ビット=物理量子ビット: [60 qubits and 24 cycles](https://arxiv.org/pdf/2109.03494#page=1); 実行時間/shot: [7.0e7 bitstrings in 4.2 hours](https://arxiv.org/pdf/2109.03494#page=5); 古典時間: [Summitで4.8e4 years](https://arxiv.org/pdf/2109.03494#page=6); 物理エラー率: [average two-qubit gate Pauli error e2 = 0.60%](https://arxiv.org/pdf/2109.03494#page=3)	誤り訂正なしの量子計算優位性実験。論理量子ビット数は物理量子ビット数と同一として扱う。Toffoli/T/Clifford総数は論文の主要リソース指標ではないためNA。 物理エラー率は、誤り訂正なし実験の代表的な物理ゲートエラーとして論文記載の同時2量子ビットゲートPauli/XEBエラーを採用。	1.5147648e12	1.0e8	tensor-network algorithm on Summit; reproducing the sampled RCS task at reported fidelity	古典計算根拠: [60-qubit 24-cycle task would cost Summit 48000 years](https://arxiv.org/pdf/2109.03494#page=6)
2022-10-25	量子シミュレーション / 2d J1-J2 Heisenberg基底状態エネルギー推定	[Yoshioka et al. 2022 Table I](https://arxiv.org/pdf/2210.14109#page=6)	J2/J1=0.5, 10x10, eps=0.01	qubitization product construction / QPE T-count comparison	0	NA	NA	NA	5.33e8	NA	NA	NA	NA	NA	NA	NA	NA	NA	NA	NA	NA	NA	NA	NA	NA	logical Clifford+T/T-count comparison; no physical implementation assigned	NA	Table IのT-count行。post-Trotter methodsはO(log N) ancillaを消費し、product-wise qubitizationはancillaを約2倍使ってT-countをほぼ半減する、と本文注記。 状態準備: QPEコストをCSP+CHS+CQFTと分け、対象模型ではAdiabatic State Preparation (ASP) 等の状態準備コストCSPはHamiltonian simulationコストCHSより小さいとして扱う。H0の基底状態は効率的に準備可能と仮定し、Table S12のruntimeは主にqubitization QPEのactual runtime。	1e5	NA	DMRG classical runtime estimate for 10x10, eps=0.01; text states about 1e5 seconds for 2d Heisenberg	古典DMRG時間: [10x10では2d Heisenbergが約1e5 s、2d Fermi-Hubbardが約1e9 s](https://arxiv.org/pdf/2210.14109#page=6)
2022-10-25	量子シミュレーション / 2d J1-J2 Heisenberg基底状態エネルギー推定	[Yoshioka et al. 2022 Table I](https://arxiv.org/pdf/2210.14109#page=6)	J2/J1=0.5, 6x6, eps=0.01	qubitization product construction / QPE T-count comparison	0	NA	NA	NA	9.38e7	NA	NA	NA	NA	NA	NA	NA	NA	NA	NA	NA	NA	NA	NA	NA	NA	logical Clifford+T/T-count comparison; no physical implementation assigned	NA	Table IのT-count行。post-Trotter methodsはO(log N) ancillaを消費し、product-wise qubitizationはancillaを約2倍使ってT-countをほぼ半減する、と本文注記。 状態準備: QPEコストをCSP+CHS+CQFTと分け、対象模型ではAdiabatic State Preparation (ASP) 等の状態準備コストCSPはHamiltonian simulationコストCHSより小さいとして扱う。H0の基底状態は効率的に準備可能と仮定し、Table S12のruntimeは主にqubitization QPEのactual runtime。	NA	NA	NA	NA
2022-10-25	量子シミュレーション / 2d Fermi-Hubbard基底状態エネルギー推定	[Yoshioka et al. 2022 Table I](https://arxiv.org/pdf/2210.14109#page=6)	U/t=4, 10x10, eps=0.01	qubitization product construction / QPE T-count comparison	0	NA	NA	NA	3.87e8	NA	NA	NA	NA	NA	NA	NA	NA	NA	NA	NA	NA	NA	NA	NA	NA	logical Clifford+T/T-count comparison; no physical implementation assigned	NA	Table IのT-count行。post-Trotter methodsはO(log N) ancillaを消費し、product-wise qubitizationはancillaを約2倍使ってT-countをほぼ半減する、と本文注記。 状態準備: QPEコストをCSP+CHS+CQFTと分け、対象模型ではAdiabatic State Preparation (ASP) 等の状態準備コストCSPはHamiltonian simulationコストCHSより小さいとして扱う。H0の基底状態は効率的に準備可能と仮定し、Table S12のruntimeは主にqubitization QPEのactual runtime。	1e9	NA	DMRG classical runtime estimate for 10x10, eps=0.01; text states about 1e9 seconds for 2d Fermi-Hubbard	古典DMRG時間: [10x10では2d Heisenbergが約1e5 s、2d Fermi-Hubbardが約1e9 s](https://arxiv.org/pdf/2210.14109#page=6)
2022-10-25	量子シミュレーション / 2d Fermi-Hubbard基底状態エネルギー推定	[Yoshioka et al. 2022 Table I](https://arxiv.org/pdf/2210.14109#page=6)	U/t=4, 6x6, eps=0.01	qubitization product construction / QPE T-count comparison	0	NA	NA	NA	5.57e7	NA	NA	NA	NA	NA	NA	NA	NA	NA	NA	NA	NA	NA	NA	NA	NA	logical Clifford+T/T-count comparison; no physical implementation assigned	NA	Table IのT-count行。post-Trotter methodsはO(log N) ancillaを消費し、product-wise qubitizationはancillaを約2倍使ってT-countをほぼ半減する、と本文注記。 状態準備: QPEコストをCSP+CHS+CQFTと分け、対象模型ではAdiabatic State Preparation (ASP) 等の状態準備コストCSPはHamiltonian simulationコストCHSより小さいとして扱う。H0の基底状態は効率的に準備可能と仮定し、Table S12のruntimeは主にqubitization QPEのactual runtime。	NA	NA	NA	NA
2022-10-25	量子シミュレーション / 2d J1-J2 Heisenberg基底状態エネルギー推定	[Yoshioka et al. 2022 Table S12](https://arxiv.org/pdf/2210.14109#page=55)	J2/J1=0.5, 10x10, eps=0.01	qubitization QPE / actual runtime, (nF,#thread)=(1,1)	0	NA	5.12e5	NA	NA	NA	NA	NA	5.64e4	NA	NA	surface code + lattice surgery	not specified	1e-3	2.3e1	1e-6	NA	3.67e4	NA	1e-13	Derived from Yoshioka et al. 2022 Eq. (S79): p_log = 0.1*(p/p_th)^((d+1)/2), using p/p_th=0.1; per logical operation/round estimate used to choose code distance.	nF=1; #thread=1; magic-state factory area AF=176; tbeat=tcycle*d; Clifford+T formalism; surface code + lattice surgery; physical error rate 1e-3; surface code cycle time 1us; no specific physical qubit modality assigned in this paper entry	実行時間: [Table S12 Runtime [sec] = 5.64e4](https://arxiv.org/pdf/2210.14109#page=55); 物理仮定: [surface code, p=1e-3, code cycle 1us; no modality named](https://arxiv.org/pdf/2210.14109#page=7)	Table S12のend-to-end見積もり。runtimeはT-depthに基づく。物理量子ビット数はfloor planとmagic-state factoryを含む詳細見積もり。 状態準備: QPEコストをCSP+CHS+CQFTと分け、対象模型ではAdiabatic State Preparation (ASP) 等の状態準備コストCSPはHamiltonian simulationコストCHSより小さいとして扱う。H0の基底状態は効率的に準備可能と仮定し、Table S12のruntimeは主にqubitization QPEのactual runtime。	1e5	NA	DMRG classical runtime estimate for 10x10, eps=0.01; text states about 1e5 seconds for 2d Heisenberg	古典DMRG時間: [10x10では2d Heisenbergが約1e5 s、2d Fermi-Hubbardが約1e9 s](https://arxiv.org/pdf/2210.14109#page=6)
2022-10-25	量子シミュレーション / 2d J1-J2 Heisenberg基底状態エネルギー推定	[Yoshioka et al. 2022 Table S12](https://arxiv.org/pdf/2210.14109#page=55)	J2/J1=0.5, 10x10, eps=0.01	qubitization QPE / actual runtime, (nF,#thread)=(16,16)	0	NA	4.35e6	NA	NA	NA	NA	NA	4.32e3	NA	NA	surface code + lattice surgery	not specified	1e-3	2.3e1	1e-6	NA	3.67e4	NA	1e-13	Derived from Yoshioka et al. 2022 Eq. (S79): p_log = 0.1*(p/p_th)^((d+1)/2), using p/p_th=0.1; per logical operation/round estimate used to choose code distance.	nF=16; #thread=16; magic-state factory area AF=176; tbeat=tcycle*d; Clifford+T formalism; surface code + lattice surgery; physical error rate 1e-3; surface code cycle time 1us; no specific physical qubit modality assigned in this paper entry	実行時間: [Table S12 Runtime [sec] = 4.32e3](https://arxiv.org/pdf/2210.14109#page=55); 物理仮定: [surface code, p=1e-3, code cycle 1us; no modality named](https://arxiv.org/pdf/2210.14109#page=7)	Table S12のend-to-end見積もり。runtimeはT-depthに基づく。物理量子ビット数はfloor planとmagic-state factoryを含む詳細見積もり。 状態準備: QPEコストをCSP+CHS+CQFTと分け、対象模型ではAdiabatic State Preparation (ASP) 等の状態準備コストCSPはHamiltonian simulationコストCHSより小さいとして扱う。H0の基底状態は効率的に準備可能と仮定し、Table S12のruntimeは主にqubitization QPEのactual runtime。	1e5	NA	DMRG classical runtime estimate for 10x10, eps=0.01; text states about 1e5 seconds for 2d Heisenberg	古典DMRG時間: [10x10では2d Heisenbergが約1e5 s、2d Fermi-Hubbardが約1e9 s](https://arxiv.org/pdf/2210.14109#page=6)
2022-10-25	量子シミュレーション / 2d J1-J2 Heisenberg基底状態エネルギー推定	[Yoshioka et al. 2022 Table S12](https://arxiv.org/pdf/2210.14109#page=55)	J2/J1=0.5, 12x12, eps=0.01	qubitization QPE / actual runtime, (nF,#thread)=(1,1)	0	NA	7.28e5	NA	NA	NA	NA	NA	1.30e5	NA	NA	surface code + lattice surgery	not specified	1e-3	2.5e1	1e-6	NA	5.34e4	NA	1e-14	Derived from Yoshioka et al. 2022 Eq. (S79): p_log = 0.1*(p/p_th)^((d+1)/2), using p/p_th=0.1; per logical operation/round estimate used to choose code distance.	nF=1; #thread=1; magic-state factory area AF=176; tbeat=tcycle*d; Clifford+T formalism; surface code + lattice surgery; physical error rate 1e-3; surface code cycle time 1us; no specific physical qubit modality assigned in this paper entry	実行時間: [Table S12 Runtime [sec] = 1.30e5](https://arxiv.org/pdf/2210.14109#page=55); 物理仮定: [surface code, p=1e-3, code cycle 1us; no modality named](https://arxiv.org/pdf/2210.14109#page=7)	Table S12のend-to-end見積もり。runtimeはT-depthに基づく。物理量子ビット数はfloor planとmagic-state factoryを含む詳細見積もり。 状態準備: QPEコストをCSP+CHS+CQFTと分け、対象模型ではAdiabatic State Preparation (ASP) 等の状態準備コストCSPはHamiltonian simulationコストCHSより小さいとして扱う。H0の基底状態は効率的に準備可能と仮定し、Table S12のruntimeは主にqubitization QPEのactual runtime。	NA	NA	NA	NA
2022-10-25	量子シミュレーション / 2d J1-J2 Heisenberg基底状態エネルギー推定	[Yoshioka et al. 2022 Table S12](https://arxiv.org/pdf/2210.14109#page=55)	J2/J1=0.5, 12x12, eps=0.01	qubitization QPE / actual runtime, (nF,#thread)=(16,16)	0	NA	4.46e6	NA	NA	NA	NA	NA	8.68e3	NA	NA	surface code + lattice surgery	not specified	1e-3	2.3e1	1e-6	NA	5.34e4	NA	1e-13	Derived from Yoshioka et al. 2022 Eq. (S79): p_log = 0.1*(p/p_th)^((d+1)/2), using p/p_th=0.1; per logical operation/round estimate used to choose code distance.	nF=16; #thread=16; magic-state factory area AF=176; tbeat=tcycle*d; Clifford+T formalism; surface code + lattice surgery; physical error rate 1e-3; surface code cycle time 1us; no specific physical qubit modality assigned in this paper entry	実行時間: [Table S12 Runtime [sec] = 8.68e3](https://arxiv.org/pdf/2210.14109#page=55); 物理仮定: [surface code, p=1e-3, code cycle 1us; no modality named](https://arxiv.org/pdf/2210.14109#page=7)	Table S12のend-to-end見積もり。runtimeはT-depthに基づく。物理量子ビット数はfloor planとmagic-state factoryを含む詳細見積もり。 状態準備: QPEコストをCSP+CHS+CQFTと分け、対象模型ではAdiabatic State Preparation (ASP) 等の状態準備コストCSPはHamiltonian simulationコストCHSより小さいとして扱う。H0の基底状態は効率的に準備可能と仮定し、Table S12のruntimeは主にqubitization QPEのactual runtime。	NA	NA	NA	NA
2022-10-25	量子シミュレーション / 2d J1-J2 Heisenberg基底状態エネルギー推定	[Yoshioka et al. 2022 Table S12](https://arxiv.org/pdf/2210.14109#page=55)	J2/J1=0.5, 4x4, eps=0.01	qubitization QPE / actual runtime, (nF,#thread)=(1,1)	0	NA	1.96e5	NA	NA	NA	NA	NA	9.46e2	NA	NA	surface code + lattice surgery	not specified	1e-3	1.9e1	1e-6	NA	5.24e3	NA	1e-11	Derived from Yoshioka et al. 2022 Eq. (S79): p_log = 0.1*(p/p_th)^((d+1)/2), using p/p_th=0.1; per logical operation/round estimate used to choose code distance.	nF=1; #thread=1; magic-state factory area AF=176; tbeat=tcycle*d; Clifford+T formalism; surface code + lattice surgery; physical error rate 1e-3; surface code cycle time 1us; no specific physical qubit modality assigned in this paper entry	実行時間: [Table S12 Runtime [sec] = 9.46e2](https://arxiv.org/pdf/2210.14109#page=55); 物理仮定: [surface code, p=1e-3, code cycle 1us; no modality named](https://arxiv.org/pdf/2210.14109#page=7)	Table S12のend-to-end見積もり。runtimeはT-depthに基づく。物理量子ビット数はfloor planとmagic-state factoryを含む詳細見積もり。 状態準備: QPEコストをCSP+CHS+CQFTと分け、対象模型ではAdiabatic State Preparation (ASP) 等の状態準備コストCSPはHamiltonian simulationコストCHSより小さいとして扱う。H0の基底状態は効率的に準備可能と仮定し、Table S12のruntimeは主にqubitization QPEのactual runtime。	NA	NA	NA	NA
2022-10-25	量子シミュレーション / 2d J1-J2 Heisenberg基底状態エネルギー推定	[Yoshioka et al. 2022 Table S12](https://arxiv.org/pdf/2210.14109#page=55)	J2/J1=0.5, 4x4, eps=0.01	qubitization QPE / actual runtime, (nF,#thread)=(16,16)	0	NA	2.62e6	NA	NA	NA	NA	NA	1.18e2	NA	NA	surface code + lattice surgery	not specified	1e-3	1.9e1	1e-6	NA	5.24e3	NA	1e-11	Derived from Yoshioka et al. 2022 Eq. (S79): p_log = 0.1*(p/p_th)^((d+1)/2), using p/p_th=0.1; per logical operation/round estimate used to choose code distance.	nF=16; #thread=16; magic-state factory area AF=176; tbeat=tcycle*d; Clifford+T formalism; surface code + lattice surgery; physical error rate 1e-3; surface code cycle time 1us; no specific physical qubit modality assigned in this paper entry	実行時間: [Table S12 Runtime [sec] = 1.18e2](https://arxiv.org/pdf/2210.14109#page=55); 物理仮定: [surface code, p=1e-3, code cycle 1us; no modality named](https://arxiv.org/pdf/2210.14109#page=7)	Table S12のend-to-end見積もり。runtimeはT-depthに基づく。物理量子ビット数はfloor planとmagic-state factoryを含む詳細見積もり。 状態準備: QPEコストをCSP+CHS+CQFTと分け、対象模型ではAdiabatic State Preparation (ASP) 等の状態準備コストCSPはHamiltonian simulationコストCHSより小さいとして扱う。H0の基底状態は効率的に準備可能と仮定し、Table S12のruntimeは主にqubitization QPEのactual runtime。	NA	NA	NA	NA
2022-10-25	量子シミュレーション / 2d J1-J2 Heisenberg基底状態エネルギー推定	[Yoshioka et al. 2022 Table S12](https://arxiv.org/pdf/2210.14109#page=55)	J2/J1=0.5, 6x6, eps=0.01	qubitization QPE / actual runtime, (nF,#thread)=(1,1)	0	NA	2.86e5	NA	NA	NA	NA	NA	6.03e3	NA	NA	surface code + lattice surgery	not specified	1e-3	2.1e1	1e-6	NA	1.26e4	NA	1e-12	Derived from Yoshioka et al. 2022 Eq. (S79): p_log = 0.1*(p/p_th)^((d+1)/2), using p/p_th=0.1; per logical operation/round estimate used to choose code distance.	nF=1; #thread=1; magic-state factory area AF=176; tbeat=tcycle*d; Clifford+T formalism; surface code + lattice surgery; physical error rate 1e-3; surface code cycle time 1us; no specific physical qubit modality assigned in this paper entry	実行時間: [Table S12 Runtime [sec] = 6.03e3](https://arxiv.org/pdf/2210.14109#page=55); 物理仮定: [surface code, p=1e-3, code cycle 1us; no modality named](https://arxiv.org/pdf/2210.14109#page=7)	Table S12のend-to-end見積もり。runtimeはT-depthに基づく。物理量子ビット数はfloor planとmagic-state factoryを含む詳細見積もり。 状態準備: QPEコストをCSP+CHS+CQFTと分け、対象模型ではAdiabatic State Preparation (ASP) 等の状態準備コストCSPはHamiltonian simulationコストCHSより小さいとして扱う。H0の基底状態は効率的に準備可能と仮定し、Table S12のruntimeは主にqubitization QPEのactual runtime。	NA	NA	NA	NA
2022-10-25	量子シミュレーション / 2d J1-J2 Heisenberg基底状態エネルギー推定	[Yoshioka et al. 2022 Table S12](https://arxiv.org/pdf/2210.14109#page=55)	J2/J1=0.5, 6x6, eps=0.01	qubitization QPE / actual runtime, (nF,#thread)=(16,16)	0	NA	3.33e6	NA	NA	NA	NA	NA	5.52e2	NA	NA	surface code + lattice surgery	not specified	1e-3	2.1e1	1e-6	NA	1.26e4	NA	1e-12	Derived from Yoshioka et al. 2022 Eq. (S79): p_log = 0.1*(p/p_th)^((d+1)/2), using p/p_th=0.1; per logical operation/round estimate used to choose code distance.	nF=16; #thread=16; magic-state factory area AF=176; tbeat=tcycle*d; Clifford+T formalism; surface code + lattice surgery; physical error rate 1e-3; surface code cycle time 1us; no specific physical qubit modality assigned in this paper entry	実行時間: [Table S12 Runtime [sec] = 5.52e2](https://arxiv.org/pdf/2210.14109#page=55); 物理仮定: [surface code, p=1e-3, code cycle 1us; no modality named](https://arxiv.org/pdf/2210.14109#page=7)	Table S12のend-to-end見積もり。runtimeはT-depthに基づく。物理量子ビット数はfloor planとmagic-state factoryを含む詳細見積もり。 状態準備: QPEコストをCSP+CHS+CQFTと分け、対象模型ではAdiabatic State Preparation (ASP) 等の状態準備コストCSPはHamiltonian simulationコストCHSより小さいとして扱う。H0の基底状態は効率的に準備可能と仮定し、Table S12のruntimeは主にqubitization QPEのactual runtime。	NA	NA	NA	NA
2022-10-25	量子シミュレーション / 2d J1-J2 Heisenberg基底状態エネルギー推定	[Yoshioka et al. 2022 Table S12](https://arxiv.org/pdf/2210.14109#page=55)	J2/J1=0.5, 8x8, eps=0.01	qubitization QPE / actual runtime, (nF,#thread)=(1,1)	0	NA	4.18e5	NA	NA	NA	NA	NA	2.22e4	NA	NA	surface code + lattice surgery	not specified	1e-3	2.3e1	1e-6	NA	2.3e4	NA	1e-13	Derived from Yoshioka et al. 2022 Eq. (S79): p_log = 0.1*(p/p_th)^((d+1)/2), using p/p_th=0.1; per logical operation/round estimate used to choose code distance.	nF=1; #thread=1; magic-state factory area AF=176; tbeat=tcycle*d; Clifford+T formalism; surface code + lattice surgery; physical error rate 1e-3; surface code cycle time 1us; no specific physical qubit modality assigned in this paper entry	実行時間: [Table S12 Runtime [sec] = 2.22e4](https://arxiv.org/pdf/2210.14109#page=55); 物理仮定: [surface code, p=1e-3, code cycle 1us; no modality named](https://arxiv.org/pdf/2210.14109#page=7)	Table S12のend-to-end見積もり。runtimeはT-depthに基づく。物理量子ビット数はfloor planとmagic-state factoryを含む詳細見積もり。 状態準備: QPEコストをCSP+CHS+CQFTと分け、対象模型ではAdiabatic State Preparation (ASP) 等の状態準備コストCSPはHamiltonian simulationコストCHSより小さいとして扱う。H0の基底状態は効率的に準備可能と仮定し、Table S12のruntimeは主にqubitization QPEのactual runtime。	NA	NA	NA	NA
2022-10-25	量子シミュレーション / 2d J1-J2 Heisenberg基底状態エネルギー推定	[Yoshioka et al. 2022 Table S12](https://arxiv.org/pdf/2210.14109#page=55)	J2/J1=0.5, 8x8, eps=0.01	qubitization QPE / actual runtime, (nF,#thread)=(16,16)	0	NA	3.47e6	NA	NA	NA	NA	NA	1.66e3	NA	NA	surface code + lattice surgery	not specified	1e-3	2.1e1	1e-6	NA	2.3e4	NA	1e-12	Derived from Yoshioka et al. 2022 Eq. (S79): p_log = 0.1*(p/p_th)^((d+1)/2), using p/p_th=0.1; per logical operation/round estimate used to choose code distance.	nF=16; #thread=16; magic-state factory area AF=176; tbeat=tcycle*d; Clifford+T formalism; surface code + lattice surgery; physical error rate 1e-3; surface code cycle time 1us; no specific physical qubit modality assigned in this paper entry	実行時間: [Table S12 Runtime [sec] = 1.66e3](https://arxiv.org/pdf/2210.14109#page=55); 物理仮定: [surface code, p=1e-3, code cycle 1us; no modality named](https://arxiv.org/pdf/2210.14109#page=7)	Table S12のend-to-end見積もり。runtimeはT-depthに基づく。物理量子ビット数はfloor planとmagic-state factoryを含む詳細見積もり。 状態準備: QPEコストをCSP+CHS+CQFTと分け、対象模型ではAdiabatic State Preparation (ASP) 等の状態準備コストCSPはHamiltonian simulationコストCHSより小さいとして扱う。H0の基底状態は効率的に準備可能と仮定し、Table S12のruntimeは主にqubitization QPEのactual runtime。	NA	NA	NA	NA
2022-10-25	量子シミュレーション / spin-1 Heisenberg chain基底状態エネルギー推定	[Yoshioka et al. 2022 Table S12](https://arxiv.org/pdf/2210.14109#page=55)	S=1 chain, N=10, eps=0.01	qubitization QPE / actual runtime, (nF,#thread)=(1,1)	0	NA	4.68e5	NA	NA	NA	NA	NA	6.79e2	NA	NA	surface code + lattice surgery	not specified	1e-3	1.9e1	1e-6	NA	5.45e3	NA	1e-11	Derived from Yoshioka et al. 2022 Eq. (S79): p_log = 0.1*(p/p_th)^((d+1)/2), using p/p_th=0.1; per logical operation/round estimate used to choose code distance.	nF=1; #thread=1; magic-state factory area AF=176; tbeat=tcycle*d; Clifford+T formalism; surface code + lattice surgery; physical error rate 1e-3; surface code cycle time 1us; no specific physical qubit modality assigned in this paper entry	実行時間: [Table S12 Runtime [sec] = 6.79e2](https://arxiv.org/pdf/2210.14109#page=55); 物理仮定: [surface code, p=1e-3, code cycle 1us; no modality named](https://arxiv.org/pdf/2210.14109#page=7)	Table S12のend-to-end見積もり。runtimeはT-depthに基づく。物理量子ビット数はfloor planとmagic-state factoryを含む詳細見積もり。 状態準備: QPEコストをCSP+CHS+CQFTと分け、対象模型ではAdiabatic State Preparation (ASP) 等の状態準備コストCSPはHamiltonian simulationコストCHSより小さいとして扱う。H0の基底状態は効率的に準備可能と仮定し、Table S12のruntimeは主にqubitization QPEのactual runtime。	NA	NA	NA	NA
2022-10-25	量子シミュレーション / spin-1 Heisenberg chain基底状態エネルギー推定	[Yoshioka et al. 2022 Table S12](https://arxiv.org/pdf/2210.14109#page=55)	S=1 chain, N=10, eps=0.01	qubitization QPE / actual runtime, (nF,#thread)=(16,16)	0	NA	2.61e7	NA	NA	NA	NA	NA	7.22e1	NA	NA	surface code + lattice surgery	not specified	1e-3	1.7e1	1e-6	NA	5.45e3	NA	1e-10	Derived from Yoshioka et al. 2022 Eq. (S79): p_log = 0.1*(p/p_th)^((d+1)/2), using p/p_th=0.1; per logical operation/round estimate used to choose code distance.	nF=16; #thread=16; magic-state factory area AF=176; tbeat=tcycle*d; Clifford+T formalism; surface code + lattice surgery; physical error rate 1e-3; surface code cycle time 1us; no specific physical qubit modality assigned in this paper entry	実行時間: [Table S12 Runtime [sec] = 7.22e1](https://arxiv.org/pdf/2210.14109#page=55); 物理仮定: [surface code, p=1e-3, code cycle 1us; no modality named](https://arxiv.org/pdf/2210.14109#page=7)	Table S12のend-to-end見積もり。runtimeはT-depthに基づく。物理量子ビット数はfloor planとmagic-state factoryを含む詳細見積もり。 状態準備: QPEコストをCSP+CHS+CQFTと分け、対象模型ではAdiabatic State Preparation (ASP) 等の状態準備コストCSPはHamiltonian simulationコストCHSより小さいとして扱う。H0の基底状態は効率的に準備可能と仮定し、Table S12のruntimeは主にqubitization QPEのactual runtime。	NA	NA	NA	NA
2022-10-25	量子シミュレーション / spin-1 Heisenberg chain基底状態エネルギー推定	[Yoshioka et al. 2022 Table S12](https://arxiv.org/pdf/2210.14109#page=55)	S=1 chain, N=160, eps=0.01	qubitization QPE / actual runtime, (nF,#thread)=(1,1)	0	NA	8.72e6	NA	NA	NA	NA	NA	2.41e5	NA	NA	surface code + lattice surgery	not specified	1e-3	2.5e1	1e-6	NA	8.4e4	NA	1e-14	Derived from Yoshioka et al. 2022 Eq. (S79): p_log = 0.1*(p/p_th)^((d+1)/2), using p/p_th=0.1; per logical operation/round estimate used to choose code distance.	nF=1; #thread=1; magic-state factory area AF=176; tbeat=tcycle*d; Clifford+T formalism; surface code + lattice surgery; physical error rate 1e-3; surface code cycle time 1us; no specific physical qubit modality assigned in this paper entry	実行時間: [Table S12 Runtime [sec] = 2.41e5](https://arxiv.org/pdf/2210.14109#page=55); 物理仮定: [surface code, p=1e-3, code cycle 1us; no modality named](https://arxiv.org/pdf/2210.14109#page=7)	Table S12のend-to-end見積もり。runtimeはT-depthに基づく。物理量子ビット数はfloor planとmagic-state factoryを含む詳細見積もり。 状態準備: QPEコストをCSP+CHS+CQFTと分け、対象模型ではAdiabatic State Preparation (ASP) 等の状態準備コストCSPはHamiltonian simulationコストCHSより小さいとして扱う。H0の基底状態は効率的に準備可能と仮定し、Table S12のruntimeは主にqubitization QPEのactual runtime。	NA	NA	NA	NA
2022-10-25	量子シミュレーション / spin-1 Heisenberg chain基底状態エネルギー推定	[Yoshioka et al. 2022 Table S12](https://arxiv.org/pdf/2210.14109#page=55)	S=1 chain, N=160, eps=0.01	qubitization QPE / actual runtime, (nF,#thread)=(16,16)	0	NA	7.08e8	NA	NA	NA	NA	NA	1.49e4	NA	NA	surface code + lattice surgery	not specified	1e-3	2.3e1	1e-6	NA	8.4e4	NA	1e-13	Derived from Yoshioka et al. 2022 Eq. (S79): p_log = 0.1*(p/p_th)^((d+1)/2), using p/p_th=0.1; per logical operation/round estimate used to choose code distance.	nF=16; #thread=16; magic-state factory area AF=176; tbeat=tcycle*d; Clifford+T formalism; surface code + lattice surgery; physical error rate 1e-3; surface code cycle time 1us; no specific physical qubit modality assigned in this paper entry	実行時間: [Table S12 Runtime [sec] = 1.49e4](https://arxiv.org/pdf/2210.14109#page=55); 物理仮定: [surface code, p=1e-3, code cycle 1us; no modality named](https://arxiv.org/pdf/2210.14109#page=7)	Table S12のend-to-end見積もり。runtimeはT-depthに基づく。物理量子ビット数はfloor planとmagic-state factoryを含む詳細見積もり。 状態準備: QPEコストをCSP+CHS+CQFTと分け、対象模型ではAdiabatic State Preparation (ASP) 等の状態準備コストCSPはHamiltonian simulationコストCHSより小さいとして扱う。H0の基底状態は効率的に準備可能と仮定し、Table S12のruntimeは主にqubitization QPEのactual runtime。	NA	NA	NA	NA
2022-10-25	量子シミュレーション / spin-1 Heisenberg chain基底状態エネルギー推定	[Yoshioka et al. 2022 Table S12](https://arxiv.org/pdf/2210.14109#page=55)	S=1 chain, N=20, eps=0.01	qubitization QPE / actual runtime, (nF,#thread)=(1,1)	0	NA	9.49e5	NA	NA	NA	NA	NA	3.10e3	NA	NA	surface code + lattice surgery	not specified	1e-3	2.1e1	1e-6	NA	1.07e4	NA	1e-12	Derived from Yoshioka et al. 2022 Eq. (S79): p_log = 0.1*(p/p_th)^((d+1)/2), using p/p_th=0.1; per logical operation/round estimate used to choose code distance.	nF=1; #thread=1; magic-state factory area AF=176; tbeat=tcycle*d; Clifford+T formalism; surface code + lattice surgery; physical error rate 1e-3; surface code cycle time 1us; no specific physical qubit modality assigned in this paper entry	実行時間: [Table S12 Runtime [sec] = 3.10e3](https://arxiv.org/pdf/2210.14109#page=55); 物理仮定: [surface code, p=1e-3, code cycle 1us; no modality named](https://arxiv.org/pdf/2210.14109#page=7)	Table S12のend-to-end見積もり。runtimeはT-depthに基づく。物理量子ビット数はfloor planとmagic-state factoryを含む詳細見積もり。 状態準備: QPEコストをCSP+CHS+CQFTと分け、対象模型ではAdiabatic State Preparation (ASP) 等の状態準備コストCSPはHamiltonian simulationコストCHSより小さいとして扱う。H0の基底状態は効率的に準備可能と仮定し、Table S12のruntimeは主にqubitization QPEのactual runtime。	NA	NA	NA	NA
2022-10-25	量子シミュレーション / spin-1 Heisenberg chain基底状態エネルギー推定	[Yoshioka et al. 2022 Table S12](https://arxiv.org/pdf/2210.14109#page=55)	S=1 chain, N=20, eps=0.01	qubitization QPE / actual runtime, (nF,#thread)=(16,16)	0	NA	6.27e7	NA	NA	NA	NA	NA	2.65e2	NA	NA	surface code + lattice surgery	not specified	1e-3	1.9e1	1e-6	NA	1.07e4	NA	1e-11	Derived from Yoshioka et al. 2022 Eq. (S79): p_log = 0.1*(p/p_th)^((d+1)/2), using p/p_th=0.1; per logical operation/round estimate used to choose code distance.	nF=16; #thread=16; magic-state factory area AF=176; tbeat=tcycle*d; Clifford+T formalism; surface code + lattice surgery; physical error rate 1e-3; surface code cycle time 1us; no specific physical qubit modality assigned in this paper entry	実行時間: [Table S12 Runtime [sec] = 2.65e2](https://arxiv.org/pdf/2210.14109#page=55); 物理仮定: [surface code, p=1e-3, code cycle 1us; no modality named](https://arxiv.org/pdf/2210.14109#page=7)	Table S12のend-to-end見積もり。runtimeはT-depthに基づく。物理量子ビット数はfloor planとmagic-state factoryを含む詳細見積もり。 状態準備: QPEコストをCSP+CHS+CQFTと分け、対象模型ではAdiabatic State Preparation (ASP) 等の状態準備コストCSPはHamiltonian simulationコストCHSより小さいとして扱う。H0の基底状態は効率的に準備可能と仮定し、Table S12のruntimeは主にqubitization QPEのactual runtime。	NA	NA	NA	NA
2022-10-25	量子シミュレーション / spin-1 Heisenberg chain基底状態エネルギー推定	[Yoshioka et al. 2022 Table S12](https://arxiv.org/pdf/2210.14109#page=55)	S=1 chain, N=320, eps=0.01	qubitization QPE / actual runtime, (nF,#thread)=(1,1)	0	NA	2e7	NA	NA	NA	NA	NA	1.04e6	NA	NA	surface code + lattice surgery	not specified	1e-3	2.7e1	1e-6	NA	1.68e5	NA	1e-15	Derived from Yoshioka et al. 2022 Eq. (S79): p_log = 0.1*(p/p_th)^((d+1)/2), using p/p_th=0.1; per logical operation/round estimate used to choose code distance.	nF=1; #thread=1; magic-state factory area AF=176; tbeat=tcycle*d; Clifford+T formalism; surface code + lattice surgery; physical error rate 1e-3; surface code cycle time 1us; no specific physical qubit modality assigned in this paper entry	実行時間: [Table S12 Runtime [sec] = 1.04e6](https://arxiv.org/pdf/2210.14109#page=55); 物理仮定: [surface code, p=1e-3, code cycle 1us; no modality named](https://arxiv.org/pdf/2210.14109#page=7)	Table S12のend-to-end見積もり。runtimeはT-depthに基づく。物理量子ビット数はfloor planとmagic-state factoryを含む詳細見積もり。 状態準備: QPEコストをCSP+CHS+CQFTと分け、対象模型ではAdiabatic State Preparation (ASP) 等の状態準備コストCSPはHamiltonian simulationコストCHSより小さいとして扱う。H0の基底状態は効率的に準備可能と仮定し、Table S12のruntimeは主にqubitization QPEのactual runtime。	NA	NA	NA	NA
2022-10-25	量子シミュレーション / spin-1 Heisenberg chain基底状態エネルギー推定	[Yoshioka et al. 2022 Table S12](https://arxiv.org/pdf/2210.14109#page=55)	S=1 chain, N=320, eps=0.01	qubitization QPE / actual runtime, (nF,#thread)=(16,16)	0	NA	1.67e9	NA	NA	NA	NA	NA	6.34e4	NA	NA	surface code + lattice surgery	not specified	1e-3	2.5e1	1e-6	NA	1.68e5	NA	1e-14	Derived from Yoshioka et al. 2022 Eq. (S79): p_log = 0.1*(p/p_th)^((d+1)/2), using p/p_th=0.1; per logical operation/round estimate used to choose code distance.	nF=16; #thread=16; magic-state factory area AF=176; tbeat=tcycle*d; Clifford+T formalism; surface code + lattice surgery; physical error rate 1e-3; surface code cycle time 1us; no specific physical qubit modality assigned in this paper entry	実行時間: [Table S12 Runtime [sec] = 6.34e4](https://arxiv.org/pdf/2210.14109#page=55); 物理仮定: [surface code, p=1e-3, code cycle 1us; no modality named](https://arxiv.org/pdf/2210.14109#page=7)	Table S12のend-to-end見積もり。runtimeはT-depthに基づく。物理量子ビット数はfloor planとmagic-state factoryを含む詳細見積もり。 状態準備: QPEコストをCSP+CHS+CQFTと分け、対象模型ではAdiabatic State Preparation (ASP) 等の状態準備コストCSPはHamiltonian simulationコストCHSより小さいとして扱う。H0の基底状態は効率的に準備可能と仮定し、Table S12のruntimeは主にqubitization QPEのactual runtime。	NA	NA	NA	NA
2022-10-25	量子シミュレーション / spin-1 Heisenberg chain基底状態エネルギー推定	[Yoshioka et al. 2022 Table S12](https://arxiv.org/pdf/2210.14109#page=55)	S=1 chain, N=40, eps=0.01	qubitization QPE / actual runtime, (nF,#thread)=(1,1)	0	NA	2.04e6	NA	NA	NA	NA	NA	1.37e4	NA	NA	surface code + lattice surgery	not specified	1e-3	2.3e1	1e-6	NA	2.12e4	NA	1e-13	Derived from Yoshioka et al. 2022 Eq. (S79): p_log = 0.1*(p/p_th)^((d+1)/2), using p/p_th=0.1; per logical operation/round estimate used to choose code distance.	nF=1; #thread=1; magic-state factory area AF=176; tbeat=tcycle*d; Clifford+T formalism; surface code + lattice surgery; physical error rate 1e-3; surface code cycle time 1us; no specific physical qubit modality assigned in this paper entry	実行時間: [Table S12 Runtime [sec] = 1.37e4](https://arxiv.org/pdf/2210.14109#page=55); 物理仮定: [surface code, p=1e-3, code cycle 1us; no modality named](https://arxiv.org/pdf/2210.14109#page=7)	Table S12のend-to-end見積もり。runtimeはT-depthに基づく。物理量子ビット数はfloor planとmagic-state factoryを含む詳細見積もり。 状態準備: QPEコストをCSP+CHS+CQFTと分け、対象模型ではAdiabatic State Preparation (ASP) 等の状態準備コストCSPはHamiltonian simulationコストCHSより小さいとして扱う。H0の基底状態は効率的に準備可能と仮定し、Table S12のruntimeは主にqubitization QPEのactual runtime。	NA	NA	NA	NA
2022-10-25	量子シミュレーション / spin-1 Heisenberg chain基底状態エネルギー推定	[Yoshioka et al. 2022 Table S12](https://arxiv.org/pdf/2210.14109#page=55)	S=1 chain, N=40, eps=0.01	qubitization QPE / actual runtime, (nF,#thread)=(16,16)	0	NA	1.23e8	NA	NA	NA	NA	NA	8.73e2	NA	NA	surface code + lattice surgery	not specified	1e-3	1.9e1	1e-6	NA	2.12e4	NA	1e-11	Derived from Yoshioka et al. 2022 Eq. (S79): p_log = 0.1*(p/p_th)^((d+1)/2), using p/p_th=0.1; per logical operation/round estimate used to choose code distance.	nF=16; #thread=16; magic-state factory area AF=176; tbeat=tcycle*d; Clifford+T formalism; surface code + lattice surgery; physical error rate 1e-3; surface code cycle time 1us; no specific physical qubit modality assigned in this paper entry	実行時間: [Table S12 Runtime [sec] = 8.73e2](https://arxiv.org/pdf/2210.14109#page=55); 物理仮定: [surface code, p=1e-3, code cycle 1us; no modality named](https://arxiv.org/pdf/2210.14109#page=7)	Table S12のend-to-end見積もり。runtimeはT-depthに基づく。物理量子ビット数はfloor planとmagic-state factoryを含む詳細見積もり。 状態準備: QPEコストをCSP+CHS+CQFTと分け、対象模型ではAdiabatic State Preparation (ASP) 等の状態準備コストCSPはHamiltonian simulationコストCHSより小さいとして扱う。H0の基底状態は効率的に準備可能と仮定し、Table S12のruntimeは主にqubitization QPEのactual runtime。	NA	NA	NA	NA
2022-10-25	量子シミュレーション / spin-1 Heisenberg chain基底状態エネルギー推定	[Yoshioka et al. 2022 Table S12](https://arxiv.org/pdf/2210.14109#page=55)	S=1 chain, N=80, eps=0.01	qubitization QPE / actual runtime, (nF,#thread)=(1,1)	0	NA	3.82e6	NA	NA	NA	NA	NA	5.52e4	NA	NA	surface code + lattice surgery	not specified	1e-3	2.3e1	1e-6	NA	4.21e4	NA	1e-13	Derived from Yoshioka et al. 2022 Eq. (S79): p_log = 0.1*(p/p_th)^((d+1)/2), using p/p_th=0.1; per logical operation/round estimate used to choose code distance.	nF=1; #thread=1; magic-state factory area AF=176; tbeat=tcycle*d; Clifford+T formalism; surface code + lattice surgery; physical error rate 1e-3; surface code cycle time 1us; no specific physical qubit modality assigned in this paper entry	実行時間: [Table S12 Runtime [sec] = 5.52e4](https://arxiv.org/pdf/2210.14109#page=55); 物理仮定: [surface code, p=1e-3, code cycle 1us; no modality named](https://arxiv.org/pdf/2210.14109#page=7)	Table S12のend-to-end見積もり。runtimeはT-depthに基づく。物理量子ビット数はfloor planとmagic-state factoryを含む詳細見積もり。 状態準備: QPEコストをCSP+CHS+CQFTと分け、対象模型ではAdiabatic State Preparation (ASP) 等の状態準備コストCSPはHamiltonian simulationコストCHSより小さいとして扱う。H0の基底状態は効率的に準備可能と仮定し、Table S12のruntimeは主にqubitization QPEのactual runtime。	NA	NA	NA	NA
2022-10-25	量子シミュレーション / spin-1 Heisenberg chain基底状態エネルギー推定	[Yoshioka et al. 2022 Table S12](https://arxiv.org/pdf/2210.14109#page=55)	S=1 chain, N=80, eps=0.01	qubitization QPE / actual runtime, (nF,#thread)=(16,16)	0	NA	2.97e8	NA	NA	NA	NA	NA	3.68e3	NA	NA	surface code + lattice surgery	not specified	1e-3	2.1e1	1e-6	NA	4.21e4	NA	1e-12	Derived from Yoshioka et al. 2022 Eq. (S79): p_log = 0.1*(p/p_th)^((d+1)/2), using p/p_th=0.1; per logical operation/round estimate used to choose code distance.	nF=16; #thread=16; magic-state factory area AF=176; tbeat=tcycle*d; Clifford+T formalism; surface code + lattice surgery; physical error rate 1e-3; surface code cycle time 1us; no specific physical qubit modality assigned in this paper entry	実行時間: [Table S12 Runtime [sec] = 3.68e3](https://arxiv.org/pdf/2210.14109#page=55); 物理仮定: [surface code, p=1e-3, code cycle 1us; no modality named](https://arxiv.org/pdf/2210.14109#page=7)	Table S12のend-to-end見積もり。runtimeはT-depthに基づく。物理量子ビット数はfloor planとmagic-state factoryを含む詳細見積もり。 状態準備: QPEコストをCSP+CHS+CQFTと分け、対象模型ではAdiabatic State Preparation (ASP) 等の状態準備コストCSPはHamiltonian simulationコストCHSより小さいとして扱う。H0の基底状態は効率的に準備可能と仮定し、Table S12のruntimeは主にqubitization QPEのactual runtime。	NA	NA	NA	NA
2022-10-25	量子シミュレーション / 2d Fermi-Hubbard基底状態エネルギー推定	[Yoshioka et al. 2022 Table S12](https://arxiv.org/pdf/2210.14109#page=55)	U/t=4, 10x10, eps=0.01	qubitization QPE / actual runtime, (nF,#thread)=(1,1)	0	NA	8.86e5	NA	NA	NA	NA	NA	1.05e5	NA	NA	surface code + lattice surgery	not specified	1e-3	2.5e1	1e-6	NA	8.38e4	NA	1e-14	Derived from Yoshioka et al. 2022 Eq. (S79): p_log = 0.1*(p/p_th)^((d+1)/2), using p/p_th=0.1; per logical operation/round estimate used to choose code distance.	nF=1; #thread=1; magic-state factory area AF=176; tbeat=tcycle*d; Clifford+T formalism; surface code + lattice surgery; physical error rate 1e-3; surface code cycle time 1us; no specific physical qubit modality assigned in this paper entry	実行時間: [Table S12 Runtime [sec] = 1.05e5](https://arxiv.org/pdf/2210.14109#page=55); 物理仮定: [surface code, p=1e-3, code cycle 1us; no modality named](https://arxiv.org/pdf/2210.14109#page=7)	Table S12のend-to-end見積もり。runtimeはT-depthに基づく。物理量子ビット数はfloor planとmagic-state factoryを含む詳細見積もり。 状態準備: QPEコストをCSP+CHS+CQFTと分け、対象模型ではAdiabatic State Preparation (ASP) 等の状態準備コストCSPはHamiltonian simulationコストCHSより小さいとして扱う。H0の基底状態は効率的に準備可能と仮定し、Table S12のruntimeは主にqubitization QPEのactual runtime。	1e9	NA	DMRG classical runtime estimate for 10x10, eps=0.01; text states about 1e9 seconds for 2d Fermi-Hubbard	古典DMRG時間: [10x10では2d Heisenbergが約1e5 s、2d Fermi-Hubbardが約1e9 s](https://arxiv.org/pdf/2210.14109#page=6)
2022-10-25	量子シミュレーション / 2d Fermi-Hubbard基底状態エネルギー推定	[Yoshioka et al. 2022 Table S12](https://arxiv.org/pdf/2210.14109#page=55)	U/t=4, 10x10, eps=0.01	qubitization QPE / actual runtime, (nF,#thread)=(16,16)	0	NA	5.42e6	NA	NA	NA	NA	NA	1.46e4	NA	NA	surface code + lattice surgery	not specified	1e-3	2.5e1	1e-6	NA	8.38e4	NA	1e-14	Derived from Yoshioka et al. 2022 Eq. (S79): p_log = 0.1*(p/p_th)^((d+1)/2), using p/p_th=0.1; per logical operation/round estimate used to choose code distance.	nF=16; #thread=16; magic-state factory area AF=176; tbeat=tcycle*d; Clifford+T formalism; surface code + lattice surgery; physical error rate 1e-3; surface code cycle time 1us; no specific physical qubit modality assigned in this paper entry	実行時間: [Table S12 Runtime [sec] = 1.46e4](https://arxiv.org/pdf/2210.14109#page=55); 物理仮定: [surface code, p=1e-3, code cycle 1us; no modality named](https://arxiv.org/pdf/2210.14109#page=7)	Table S12のend-to-end見積もり。runtimeはT-depthに基づく。物理量子ビット数はfloor planとmagic-state factoryを含む詳細見積もり。 状態準備: QPEコストをCSP+CHS+CQFTと分け、対象模型ではAdiabatic State Preparation (ASP) 等の状態準備コストCSPはHamiltonian simulationコストCHSより小さいとして扱う。H0の基底状態は効率的に準備可能と仮定し、Table S12のruntimeは主にqubitization QPEのactual runtime。	1e9	NA	DMRG classical runtime estimate for 10x10, eps=0.01; text states about 1e9 seconds for 2d Fermi-Hubbard	古典DMRG時間: [10x10では2d Heisenbergが約1e5 s、2d Fermi-Hubbardが約1e9 s](https://arxiv.org/pdf/2210.14109#page=6)
2022-10-25	量子シミュレーション / 2d Fermi-Hubbard基底状態エネルギー推定	[Yoshioka et al. 2022 Table S12](https://arxiv.org/pdf/2210.14109#page=55)	U/t=4, 4x4, eps=0.01	qubitization QPE / actual runtime, (nF,#thread)=(1,1)	0	NA	2.72e5	NA	NA	NA	NA	NA	2.02e3	NA	NA	surface code + lattice surgery	not specified	1e-3	2.1e1	1e-6	NA	1.26e4	NA	1e-12	Derived from Yoshioka et al. 2022 Eq. (S79): p_log = 0.1*(p/p_th)^((d+1)/2), using p/p_th=0.1; per logical operation/round estimate used to choose code distance.	nF=1; #thread=1; magic-state factory area AF=176; tbeat=tcycle*d; Clifford+T formalism; surface code + lattice surgery; physical error rate 1e-3; surface code cycle time 1us; no specific physical qubit modality assigned in this paper entry	実行時間: [Table S12 Runtime [sec] = 2.02e3](https://arxiv.org/pdf/2210.14109#page=55); 物理仮定: [surface code, p=1e-3, code cycle 1us; no modality named](https://arxiv.org/pdf/2210.14109#page=7)	Table S12のend-to-end見積もり。runtimeはT-depthに基づく。物理量子ビット数はfloor planとmagic-state factoryを含む詳細見積もり。 状態準備: QPEコストをCSP+CHS+CQFTと分け、対象模型ではAdiabatic State Preparation (ASP) 等の状態準備コストCSPはHamiltonian simulationコストCHSより小さいとして扱う。H0の基底状態は効率的に準備可能と仮定し、Table S12のruntimeは主にqubitization QPEのactual runtime。	NA	NA	NA	NA
2022-10-25	量子シミュレーション / 2d Fermi-Hubbard基底状態エネルギー推定	[Yoshioka et al. 2022 Table S12](https://arxiv.org/pdf/2210.14109#page=55)	U/t=4, 4x4, eps=0.01	qubitization QPE / actual runtime, (nF,#thread)=(16,16)	0	NA	3.24e6	NA	NA	NA	NA	NA	2.99e2	NA	NA	surface code + lattice surgery	not specified	1e-3	2.1e1	1e-6	NA	1.26e4	NA	1e-12	Derived from Yoshioka et al. 2022 Eq. (S79): p_log = 0.1*(p/p_th)^((d+1)/2), using p/p_th=0.1; per logical operation/round estimate used to choose code distance.	nF=16; #thread=16; magic-state factory area AF=176; tbeat=tcycle*d; Clifford+T formalism; surface code + lattice surgery; physical error rate 1e-3; surface code cycle time 1us; no specific physical qubit modality assigned in this paper entry	実行時間: [Table S12 Runtime [sec] = 2.99e2](https://arxiv.org/pdf/2210.14109#page=55); 物理仮定: [surface code, p=1e-3, code cycle 1us; no modality named](https://arxiv.org/pdf/2210.14109#page=7)	Table S12のend-to-end見積もり。runtimeはT-depthに基づく。物理量子ビット数はfloor planとmagic-state factoryを含む詳細見積もり。 状態準備: QPEコストをCSP+CHS+CQFTと分け、対象模型ではAdiabatic State Preparation (ASP) 等の状態準備コストCSPはHamiltonian simulationコストCHSより小さいとして扱う。H0の基底状態は効率的に準備可能と仮定し、Table S12のruntimeは主にqubitization QPEのactual runtime。	NA	NA	NA	NA
2022-10-25	量子シミュレーション / 2d Fermi-Hubbard基底状態エネルギー推定	[Yoshioka et al. 2022 Table S12](https://arxiv.org/pdf/2210.14109#page=55)	U/t=4, 6x6, eps=0.01	qubitization QPE / actual runtime, (nF,#thread)=(1,1)	0	NA	4.29e5	NA	NA	NA	NA	NA	1.23e4	NA	NA	surface code + lattice surgery	not specified	1e-3	2.3e1	1e-6	NA	2.93e4	NA	1e-13	Derived from Yoshioka et al. 2022 Eq. (S79): p_log = 0.1*(p/p_th)^((d+1)/2), using p/p_th=0.1; per logical operation/round estimate used to choose code distance.	nF=1; #thread=1; magic-state factory area AF=176; tbeat=tcycle*d; Clifford+T formalism; surface code + lattice surgery; physical error rate 1e-3; surface code cycle time 1us; no specific physical qubit modality assigned in this paper entry	実行時間: [Table S12 Runtime [sec] = 1.23e4](https://arxiv.org/pdf/2210.14109#page=55); 物理仮定: [surface code, p=1e-3, code cycle 1us; no modality named](https://arxiv.org/pdf/2210.14109#page=7)	Table S12のend-to-end見積もり。runtimeはT-depthに基づく。物理量子ビット数はfloor planとmagic-state factoryを含む詳細見積もり。 状態準備: QPEコストをCSP+CHS+CQFTと分け、対象模型ではAdiabatic State Preparation (ASP) 等の状態準備コストCSPはHamiltonian simulationコストCHSより小さいとして扱う。H0の基底状態は効率的に準備可能と仮定し、Table S12のruntimeは主にqubitization QPEのactual runtime。	NA	NA	NA	NA
2022-10-25	量子シミュレーション / 2d Fermi-Hubbard基底状態エネルギー推定	[Yoshioka et al. 2022 Table S12](https://arxiv.org/pdf/2210.14109#page=55)	U/t=4, 6x6, eps=0.01	qubitization QPE / actual runtime, (nF,#thread)=(16,16)	0	NA	3.4e6	NA	NA	NA	NA	NA	1.59e3	NA	NA	surface code + lattice surgery	not specified	1e-3	2.1e1	1e-6	NA	2.93e4	NA	1e-12	Derived from Yoshioka et al. 2022 Eq. (S79): p_log = 0.1*(p/p_th)^((d+1)/2), using p/p_th=0.1; per logical operation/round estimate used to choose code distance.	nF=16; #thread=16; magic-state factory area AF=176; tbeat=tcycle*d; Clifford+T formalism; surface code + lattice surgery; physical error rate 1e-3; surface code cycle time 1us; no specific physical qubit modality assigned in this paper entry	実行時間: [Table S12 Runtime [sec] = 1.59e3](https://arxiv.org/pdf/2210.14109#page=55); 物理仮定: [surface code, p=1e-3, code cycle 1us; no modality named](https://arxiv.org/pdf/2210.14109#page=7)	Table S12のend-to-end見積もり。runtimeはT-depthに基づく。物理量子ビット数はfloor planとmagic-state factoryを含む詳細見積もり。 状態準備: QPEコストをCSP+CHS+CQFTと分け、対象模型ではAdiabatic State Preparation (ASP) 等の状態準備コストCSPはHamiltonian simulationコストCHSより小さいとして扱う。H0の基底状態は効率的に準備可能と仮定し、Table S12のruntimeは主にqubitization QPEのactual runtime。	NA	NA	NA	NA
2022-10-25	量子シミュレーション / 2d Fermi-Hubbard基底状態エネルギー推定	[Yoshioka et al. 2022 Table S12](https://arxiv.org/pdf/2210.14109#page=55)	U/t=4, 8x8, eps=0.01	qubitization QPE / actual runtime, (nF,#thread)=(1,1)	0	NA	5.7e5	NA	NA	NA	NA	NA	4.01e4	NA	NA	surface code + lattice surgery	not specified	1e-3	2.3e1	1e-6	NA	5.31e4	NA	1e-13	Derived from Yoshioka et al. 2022 Eq. (S79): p_log = 0.1*(p/p_th)^((d+1)/2), using p/p_th=0.1; per logical operation/round estimate used to choose code distance.	nF=1; #thread=1; magic-state factory area AF=176; tbeat=tcycle*d; Clifford+T formalism; surface code + lattice surgery; physical error rate 1e-3; surface code cycle time 1us; no specific physical qubit modality assigned in this paper entry	実行時間: [Table S12 Runtime [sec] = 4.01e4](https://arxiv.org/pdf/2210.14109#page=55); 物理仮定: [surface code, p=1e-3, code cycle 1us; no modality named](https://arxiv.org/pdf/2210.14109#page=7)	Table S12のend-to-end見積もり。runtimeはT-depthに基づく。物理量子ビット数はfloor planとmagic-state factoryを含む詳細見積もり。 状態準備: QPEコストをCSP+CHS+CQFTと分け、対象模型ではAdiabatic State Preparation (ASP) 等の状態準備コストCSPはHamiltonian simulationコストCHSより小さいとして扱う。H0の基底状態は効率的に準備可能と仮定し、Table S12のruntimeは主にqubitization QPEのactual runtime。	NA	NA	NA	NA
2022-10-25	量子シミュレーション / 2d Fermi-Hubbard基底状態エネルギー推定	[Yoshioka et al. 2022 Table S12](https://arxiv.org/pdf/2210.14109#page=55)	U/t=4, 8x8, eps=0.01	qubitization QPE / actual runtime, (nF,#thread)=(16,16)	0	NA	4.32e6	NA	NA	NA	NA	NA	5.50e3	NA	NA	surface code + lattice surgery	not specified	1e-3	2.3e1	1e-6	NA	5.31e4	NA	1e-13	Derived from Yoshioka et al. 2022 Eq. (S79): p_log = 0.1*(p/p_th)^((d+1)/2), using p/p_th=0.1; per logical operation/round estimate used to choose code distance.	nF=16; #thread=16; magic-state factory area AF=176; tbeat=tcycle*d; Clifford+T formalism; surface code + lattice surgery; physical error rate 1e-3; surface code cycle time 1us; no specific physical qubit modality assigned in this paper entry	実行時間: [Table S12 Runtime [sec] = 5.50e3](https://arxiv.org/pdf/2210.14109#page=55); 物理仮定: [surface code, p=1e-3, code cycle 1us; no modality named](https://arxiv.org/pdf/2210.14109#page=7)	Table S12のend-to-end見積もり。runtimeはT-depthに基づく。物理量子ビット数はfloor planとmagic-state factoryを含む詳細見積もり。 状態準備: QPEコストをCSP+CHS+CQFTと分け、対象模型ではAdiabatic State Preparation (ASP) 等の状態準備コストCSPはHamiltonian simulationコストCHSより小さいとして扱う。H0の基底状態は効率的に準備可能と仮定し、Table S12のruntimeは主にqubitization QPEのactual runtime。	NA	NA	NA	NA
2022-11-22	その他 / ポートフォリオ最適化	[Dalzell et al. 2022 Table I](https://arxiv.org/pdf/2211.12489#page=4)	100 assets, eps=1e-7	QIPM-PO end-to-end logical resource estimate	0	8e6	NA	NA	7e29	NA	NA	2e24	NA	NA	NA	NA	NA	NA	NA	NA	NA	6e12	NA	NA	NA	qRAM block-encoding; pure-state tomography; 6e12 coherent circuits at n=100; logical Clifford+T resource estimate; qRAM data access assumed; no physical-level implementation assigned	論理量子ビット: [8e6](https://arxiv.org/pdf/2211.12489#page=4); Tゲート数: [7e29](https://arxiv.org/pdf/2211.12489#page=4); 深さ/サイクル: [2e24 T-depth](https://arxiv.org/pdf/2211.12489#page=4); shot/run: [6e12 circuits](https://arxiv.org/pdf/2211.12489#page=4); 実装レベル: [logical resources only; stop short of physical-level analysis](https://arxiv.org/pdf/2211.12489#page=2)	Table Iのn=100, eps=1e-7見積もり。Table Xでは単一QLSS subroutineのNQ=8e6, TD=3e11, TC=1e17も示すが、full QIPMは多数の反復・tomography用コピーを含むため、グラフ用にはTable Iの総T-countを採用。物理実装・error correctionは含まない。	NA	NA	classical portfolio-optimization baseline: n=100 stocks can be solved in a matter of seconds on a laptop; no exact seconds reported	古典側記述: [PO problem can be easily solved in a matter of seconds on a laptop for n=100 stocks](https://arxiv.org/pdf/2211.12489#page=4)
2023-04-21	その他 / ランダム量子回路サンプリング	[Google Quantum AI and Collaborators 2023](https://arxiv.org/pdf/2304.11119#page=5)	67 qubits, 32 cycles, >7.0e7 samples	Sycamore SYC-67 RCS experiment / no error correction	1	6.7e1	6.7e1	NA	NA	NA	8.8e2	3.2e1	NA	NA	Sycamore superconducting processor	NA	transmon superconducting qubits	5.5e-3	NA	NA	NA	7e7	NA	NA	NA	no error correction; random circuit sampling; XEB/digital error model fidelity estimate; physical qubits treated as logical qubits	量子実験: [67-qubit Sycamore chip, 32 cycles, estimated fidelity 0.1%, over 70 million sample bitstrings](https://arxiv.org/pdf/2304.11119#page=5); ゲート数: [67 qubits and 32 cycles or 880 entanglement gates](https://arxiv.org/pdf/2304.11119#page=6); 物理エラー率: [dressed two-qubit Pauli error rate 5.5(1.3)e-3](https://arxiv.org/pdf/2304.11119#page=5); 古典時間: [SYC-67 1e4 yr for 1 million noisy samples on Frontier-class estimate](https://arxiv.org/pdf/2304.11119#page=6)	誤り訂正なし実験なので、グラフ用には論理量子ビット数=物理量子ビット数として扱う。その他論理ゲート数には本文結論部の880 entanglement gatesを入れる。量子実行時間は全70M samples取得のwall-clockが本文中で単一値として確認できないためNA。物理エラー率は代表的な物理2量子ビットゲートエラーとしてdressed two-qubit Pauli error rateを採用。古典時間はTable IのFrontier-class estimateで、1 million noisy samplesを実験fidelity程度で生成する場合の1e4 yearsを秒換算した値。Table I/本文には全二次記憶まで使い帯域を無視する未検証の楽観ケース12 yearsも併記されるが、この行では標準の1e4 yearsを代表値として採用。	3.15576e11	NA	Frontier supercomputer tensor-network contraction estimate; 1 million uncorrelated noisy bitstrings at fidelity similar to the experiment; theoretical peak 1.7e18 single-precision FLOP/s spread across GPUs with 128 GB RAM; Table I representative SYC-67 runtime 1e4 years	古典計算時間: [Table I SYC-67 1e4 yr for 1 million noisy samples; Frontier assumptions and memory constraints discussed in text](https://arxiv.org/pdf/2304.11119#page=6)
2023-06-14	量子シミュレーション / 2D transverse-field Ising dynamics	[Kim et al. 2023 Fig. 4b](https://www.nature.com/articles/s41586-023-06096-3.pdf#page=5)	127-qubit kicked Ising / 20 Trotter steps / Z62	IBM Eagle ibm_kyiv experiment / no error correction / Begusic fast SPD baseline	1	1.27e2	1.27e2	NA	NA	2.88e3	NA	6e1	3.42e4	NA	IBM Eagle processor ibm_kyiv	NA	fixed-frequency transmon superconducting qubits	1.15e-2	NA	6.1156e-7	NA	6.144e5	NA	NA	NA	no error correction; zero-noise extrapolation; Pauli/readout twirling; 2400 circuit instances per gain factor and readout-error mitigation; 64 shots per instance; physical error rate is mean two-qubit EPG on ibm_kyiv, not a logical error rate	量子実験: [127 qubits, up to 60 two-qubit-gate layers, 2880 CNOT gates](https://www.nature.com/articles/s41586-023-06096-3.pdf#page=1); 実行時間: [Fig. 4b quantum wall-clock time 9.5 h = 3.42e4 s](https://www.nature.com/articles/s41586-023-06096-3.pdf#page=5); デバイス: [IBM Eagle ibm_kyiv, 127 fixed-frequency transmon qubits](https://www.nature.com/articles/s41586-023-06096-3.pdf#page=3); 物理エラー率: [ibm_kyiv mean two-qubit EPG 1.15e-2](https://static-content.springer.com/esm/art%3A10.1038%2Fs41586-023-06096-3/MediaObjects/41586_2023_6096_MOESM1_ESM.pdf#page=3); CNOT layer length: [611.56 ns](https://static-content.springer.com/esm/art%3A10.1038%2Fs41586-023-06096-3/MediaObjects/41586_2023_6096_MOESM1_ESM.pdf#page=2)	誤り訂正なし実験なので、グラフ用には論理量子ビット数=物理量子ビット数として扱う。Cliffordゲート数はKim本文のCNOT gates 2880のみを記録し、single-qubit rotationsやPauli twirling/readout mitigationの総ゲート数は単一値として記録しない。古典時間はBegušić et al.の高速SPD baselineで、20-step Z62を含むFig. 3D/Eの量子wall-clock 4 h/9.5 hに対し平均10 s/pointと記載された値。	1e1	NA	Begusic et al. 2023 fast SPD simulation baseline; average 10 seconds per point on a single laptop CPU core for Fig. 3 data including 20-step Z62; approximate classical simulation compatible with the zero-noise extrapolated quantum data	古典計算時間: [SPD average 10 seconds per point on a single laptop core; quantum wall-clock 4 h and 9.5 h for Figs. 3D/E](https://arxiv.org/pdf/2308.05077#page=5)
2023-06-14	量子シミュレーション / 2D transverse-field Ising dynamics	[Kim et al. 2023 Fig. 4b](https://www.nature.com/articles/s41586-023-06096-3.pdf#page=5)	127-qubit kicked Ising / 20 Trotter steps / Z62	IBM Eagle ibm_kyiv experiment / no error correction / Begusic converged MIX baseline	1	1.27e2	1.27e2	NA	NA	2.88e3	NA	6e1	3.42e4	NA	IBM Eagle processor ibm_kyiv	NA	fixed-frequency transmon superconducting qubits	1.15e-2	NA	6.1156e-7	NA	6.144e5	NA	NA	NA	no error correction; zero-noise extrapolation; Pauli/readout twirling; 2400 circuit instances per gain factor and readout-error mitigation; 64 shots per instance; physical error rate is mean two-qubit EPG on ibm_kyiv, not a logical error rate	量子実験: [127 qubits, up to 60 two-qubit-gate layers, 2880 CNOT gates](https://www.nature.com/articles/s41586-023-06096-3.pdf#page=1); 実行時間: [Fig. 4b quantum wall-clock time 9.5 h = 3.42e4 s](https://www.nature.com/articles/s41586-023-06096-3.pdf#page=5); デバイス: [IBM Eagle ibm_kyiv, 127 fixed-frequency transmon qubits](https://www.nature.com/articles/s41586-023-06096-3.pdf#page=3); 物理エラー率: [ibm_kyiv mean two-qubit EPG 1.15e-2](https://static-content.springer.com/esm/art%3A10.1038%2Fs41586-023-06096-3/MediaObjects/41586_2023_6096_MOESM1_ESM.pdf#page=3); CNOT layer length: [611.56 ns](https://static-content.springer.com/esm/art%3A10.1038%2Fs41586-023-06096-3/MediaObjects/41586_2023_6096_MOESM1_ESM.pdf#page=2)	誤り訂正なし実験なので、グラフ用には論理量子ビット数=物理量子ビット数として扱う。Cliffordゲート数はKim本文のCNOT gates 2880のみを記録し、single-qubit rotationsやPauli twirling/readout mitigationの総ゲート数は単一値として記録しない。古典時間はBegušić et al.のconverged MIX baselineで、20-step Z62を絶対精度0.01未満まで収束させる最も重いMIX計算がNVIDIA A100 GPUで約1日と記載された値。	8.64e4	NA	Begusic et al. 2023 converged MIX tensor-network baseline; 20-step Z62 absolute accuracy better than 0.01; most expensive largest-chi MIX calculations took approximately 1 day on an NVIDIA A100 GPU	古典計算時間: [20-step Z62 converged MIX estimate better than 0.01 absolute accuracy; most expensive calculations took approximately 1 day on an NVIDIA A100 GPU](https://arxiv.org/pdf/2308.05077#page=8)
2023-08-12	n-bit整数の素因数分解	[Regev 2024](https://arxiv.org/pdf/2308.06572)	一般n	アルゴリズム、漸近改善	0	NA	NA	NA	NA	NA	NA	NA	NA	NA	NA	NA	NA	NA	NA	NA	NA	NA	NA	NA	NA	NA	NA	ヒューリスティックな数論仮定を含む。具体的なRSA-2048物理値なしとして扱う。論理ゲート数は漸近的主張のみ。	NA	NA	NA	NA
2024-04-25	量子化学 / FeMocoエネルギー推定	[QREChem 2024 Table I](https://arxiv.org/pdf/2404.16351#page=7)	FeMoco Li active space	QREChem logical T-gate estimate / SF	0	NA	NA	NA	3.9e12	NA	NA	NA	NA	NA	NA	NA	NA	NA	NA	NA	NA	NA	NA	NA	NA	logical T-gate estimate only; no hardware/error-correction overhead assigned in Table I. Table II gives separate hardware-module examples for surface-code estimates, but they are not applied to these FeMoco Table I rows.	実装レベル: [Figure 2/Table I are logical T gates only and do not include hardware/error-correction overhead](https://arxiv.org/pdf/2404.16351#page=5)	Table Iは論理Tゲート数のみで、hardware/error-correction overheadは含まない。Table IIのsuperconducting/trapped ionパラメータは別のsurface-code物理見積もり例であり、このFeMoco Table I行には割り当てない。 状態準備: QPE成功確率は近似状態と真の固有状態のoverlapに依存する。QREChem初期版の表はinitial-state preparation overheadを含まず、十分なoverlapを持つ初期状態準備のoverheadは今後実装予定と述べる。	NA	NA	NA	NA
2024-04-25	量子化学 / FeMocoエネルギー推定	[QREChem 2024 Table I](https://arxiv.org/pdf/2404.16351#page=7)	FeMoco Li active space	QREChem logical T-gate estimate / TF-SF	0	NA	NA	NA	2.17e13	NA	NA	NA	NA	NA	NA	NA	NA	NA	NA	NA	NA	NA	NA	NA	NA	logical T-gate estimate only; no hardware/error-correction overhead assigned in Table I. Table II gives separate hardware-module examples for surface-code estimates, but they are not applied to these FeMoco Table I rows.	実装レベル: [Figure 2/Table I are logical T gates only and do not include hardware/error-correction overhead](https://arxiv.org/pdf/2404.16351#page=5)	Table Iは論理Tゲート数のみで、hardware/error-correction overheadは含まない。Table IIのsuperconducting/trapped ionパラメータは別のsurface-code物理見積もり例であり、このFeMoco Table I行には割り当てない。 状態準備: QPE成功確率は近似状態と真の固有状態のoverlapに依存する。QREChem初期版の表はinitial-state preparation overheadを含まず、十分なoverlapを持つ初期状態準備のoverheadは今後実装予定と述べる。	NA	NA	NA	NA
2024-04-25	量子化学 / FeMocoエネルギー推定	[QREChem 2024 Table I](https://arxiv.org/pdf/2404.16351#page=7)	FeMoco Li active space	QREChem logical T-gate estimate / TF-Trot	0	NA	NA	NA	3.62e23	NA	NA	NA	NA	NA	NA	NA	NA	NA	NA	NA	NA	NA	NA	NA	NA	logical T-gate estimate only; no hardware/error-correction overhead assigned in Table I. Table II gives separate hardware-module examples for surface-code estimates, but they are not applied to these FeMoco Table I rows.	実装レベル: [Figure 2/Table I are logical T gates only and do not include hardware/error-correction overhead](https://arxiv.org/pdf/2404.16351#page=5)	Table Iは論理Tゲート数のみで、hardware/error-correction overheadは含まない。Table IIのsuperconducting/trapped ionパラメータは別のsurface-code物理見積もり例であり、このFeMoco Table I行には割り当てない。 状態準備: QPE成功確率は近似状態と真の固有状態のoverlapに依存する。QREChem初期版の表はinitial-state preparation overheadを含まず、十分なoverlapを持つ初期状態準備のoverheadは今後実装予定と述べる。	NA	NA	NA	NA
2024-04-25	量子化学 / FeMocoエネルギー推定	[QREChem 2024 Table I](https://arxiv.org/pdf/2404.16351#page=7)	FeMoco Li active space	QREChem logical T-gate estimate / This work	0	NA	NA	NA	3.73e16	NA	NA	NA	NA	NA	NA	NA	NA	NA	NA	NA	NA	NA	NA	NA	NA	logical T-gate estimate only; no hardware/error-correction overhead assigned in Table I. Table II gives separate hardware-module examples for surface-code estimates, but they are not applied to these FeMoco Table I rows.	実装レベル: [Figure 2/Table I are logical T gates only and do not include hardware/error-correction overhead](https://arxiv.org/pdf/2404.16351#page=5)	Table Iは論理Tゲート数のみで、hardware/error-correction overheadは含まない。Table IIのsuperconducting/trapped ionパラメータは別のsurface-code物理見積もり例であり、このFeMoco Table I行には割り当てない。 状態準備: QPE成功確率は近似状態と真の固有状態のoverlapに依存する。QREChem初期版の表はinitial-state preparation overheadを含まず、十分なoverlapを持つ初期状態準備のoverheadは今後実装予定と述べる。	NA	NA	NA	NA
2024-04-25	量子化学 / FeMocoエネルギー推定	[QREChem 2024 Table I](https://arxiv.org/pdf/2404.16351#page=7)	FeMoco Reiher active space	QREChem logical T-gate estimate / Reiher 2016	0	NA	NA	NA	1.1e15	NA	NA	NA	NA	NA	NA	NA	NA	NA	NA	NA	NA	NA	NA	NA	NA	logical T-gate estimate only; no hardware/error-correction overhead assigned in Table I. Table II gives separate hardware-module examples for surface-code estimates, but they are not applied to these FeMoco Table I rows.	実装レベル: [Figure 2/Table I are logical T gates only and do not include hardware/error-correction overhead](https://arxiv.org/pdf/2404.16351#page=5)	Table Iは論理Tゲート数のみで、hardware/error-correction overheadは含まない。Table IIのsuperconducting/trapped ionパラメータは別のsurface-code物理見積もり例であり、このFeMoco Table I行には割り当てない。 状態準備: QPE成功確率は近似状態と真の固有状態のoverlapに依存する。QREChem初期版の表はinitial-state preparation overheadを含まず、十分なoverlapを持つ初期状態準備のoverheadは今後実装予定と述べる。	NA	NA	NA	NA
2024-04-25	量子化学 / FeMocoエネルギー推定	[QREChem 2024 Table I](https://arxiv.org/pdf/2404.16351#page=7)	FeMoco Reiher active space	QREChem logical T-gate estimate / SF	0	NA	NA	NA	4.8e12	NA	NA	NA	NA	NA	NA	NA	NA	NA	NA	NA	NA	NA	NA	NA	NA	logical T-gate estimate only; no hardware/error-correction overhead assigned in Table I. Table II gives separate hardware-module examples for surface-code estimates, but they are not applied to these FeMoco Table I rows.	実装レベル: [Figure 2/Table I are logical T gates only and do not include hardware/error-correction overhead](https://arxiv.org/pdf/2404.16351#page=5)	Table Iは論理Tゲート数のみで、hardware/error-correction overheadは含まない。Table IIのsuperconducting/trapped ionパラメータは別のsurface-code物理見積もり例であり、このFeMoco Table I行には割り当てない。 状態準備: QPE成功確率は近似状態と真の固有状態のoverlapに依存する。QREChem初期版の表はinitial-state preparation overheadを含まず、十分なoverlapを持つ初期状態準備のoverheadは今後実装予定と述べる。	NA	NA	NA	NA
2024-04-25	量子化学 / FeMocoエネルギー推定	[QREChem 2024 Table I](https://arxiv.org/pdf/2404.16351#page=7)	FeMoco Reiher active space	QREChem logical T-gate estimate / TF-SF	0	NA	NA	NA	2.36e13	NA	NA	NA	NA	NA	NA	NA	NA	NA	NA	NA	NA	NA	NA	NA	NA	logical T-gate estimate only; no hardware/error-correction overhead assigned in Table I. Table II gives separate hardware-module examples for surface-code estimates, but they are not applied to these FeMoco Table I rows.	実装レベル: [Figure 2/Table I are logical T gates only and do not include hardware/error-correction overhead](https://arxiv.org/pdf/2404.16351#page=5)	Table Iは論理Tゲート数のみで、hardware/error-correction overheadは含まない。Table IIのsuperconducting/trapped ionパラメータは別のsurface-code物理見積もり例であり、このFeMoco Table I行には割り当てない。 状態準備: QPE成功確率は近似状態と真の固有状態のoverlapに依存する。QREChem初期版の表はinitial-state preparation overheadを含まず、十分なoverlapを持つ初期状態準備のoverheadは今後実装予定と述べる。	NA	NA	NA	NA
2024-04-25	量子化学 / FeMocoエネルギー推定	[QREChem 2024 Table I](https://arxiv.org/pdf/2404.16351#page=7)	FeMoco Reiher active space	QREChem logical T-gate estimate / TF-Trot	0	NA	NA	NA	7.34e23	NA	NA	NA	NA	NA	NA	NA	NA	NA	NA	NA	NA	NA	NA	NA	NA	logical T-gate estimate only; no hardware/error-correction overhead assigned in Table I. Table II gives separate hardware-module examples for surface-code estimates, but they are not applied to these FeMoco Table I rows.	実装レベル: [Figure 2/Table I are logical T gates only and do not include hardware/error-correction overhead](https://arxiv.org/pdf/2404.16351#page=5)	Table Iは論理Tゲート数のみで、hardware/error-correction overheadは含まない。Table IIのsuperconducting/trapped ionパラメータは別のsurface-code物理見積もり例であり、このFeMoco Table I行には割り当てない。 状態準備: QPE成功確率は近似状態と真の固有状態のoverlapに依存する。QREChem初期版の表はinitial-state preparation overheadを含まず、十分なoverlapを持つ初期状態準備のoverheadは今後実装予定と述べる。	NA	NA	NA	NA
2024-04-25	量子化学 / FeMocoエネルギー推定	[QREChem 2024 Table I](https://arxiv.org/pdf/2404.16351#page=7)	FeMoco Reiher active space	QREChem logical T-gate estimate / This work	0	NA	NA	NA	1.45e15	NA	NA	NA	NA	NA	NA	NA	NA	NA	NA	NA	NA	NA	NA	NA	NA	logical T-gate estimate only; no hardware/error-correction overhead assigned in Table I. Table II gives separate hardware-module examples for surface-code estimates, but they are not applied to these FeMoco Table I rows.	実装レベル: [Figure 2/Table I are logical T gates only and do not include hardware/error-correction overhead](https://arxiv.org/pdf/2404.16351#page=5)	Table Iは論理Tゲート数のみで、hardware/error-correction overheadは含まない。Table IIのsuperconducting/trapped ionパラメータは別のsurface-code物理見積もり例であり、このFeMoco Table I行には割り当てない。 状態準備: QPE成功確率は近似状態と真の固有状態のoverlapに依存する。QREChem初期版の表はinitial-state preparation overheadを含まず、十分なoverlapを持つ初期状態準備のoverheadは今後実装予定と述べる。	NA	NA	NA	NA
2025-02-21	量子化学 / FeMoCoエネルギー推定	[Low et al. 2025 Table V](https://arxiv.org/pdf/2502.15882#page=14)	FeMoco-54 / 54e, 54o	DFTHC+BLISS+spectrum amplification / surface-code physical estimate	0	1.137e3	3.2e6	3.41e8	NA	NA	NA	NA	9.72e3	3.6e5	NA	surface code + CCZ factories	not specified	1e-3	2.7e1	1e-6	1e-5	NA	NA	NA	NA	4 CCZ factories; physical error rate 0.001; surface-code cycle time 1us; reaction time 10us; physical modality not specified in this paper entry	論理量子ビット・Toffoli数: [Table V, FeMoco-54, 1137 qubits and 3.41e8 Toffoli gates](https://arxiv.org/pdf/2502.15882#page=14); 物理量子ビット・実行時間・物理仮定: [3.2 million physical qubits, 2.7 hours, p=0.001, 1us cycle, 10us reaction, d=27](https://arxiv.org/pdf/2502.15882#page=14)	Table Vはground-state energy estimation to chemical accuracyのDFTHC+BLISS+SA見積もり。物理資源はLee et al. 2020と同じQEC modelを使った概算。実行時間は2.7 hours = 9.72e3 s。時空間体積は3.2e6 qubits x 2.7 hours / 24 = 3.6e5 qubit-days。状態準備: phase estimationの初期状態overlapを別途仮定しており、state preparationコストはこの行では数値化していない。	NA	NA	NA	NA
2025-02-21	量子化学 / FeMoCoエネルギー推定	[Low et al. 2025 Table V](https://arxiv.org/pdf/2502.15882#page=14)	FeMoco-76 / Li et al. 113e, 76o active space	DFTHC+BLISS+spectrum amplification / surface-code physical estimate	0	1.459e3	4.5e6	9.99e8	NA	NA	NA	NA	3.096e4	1.6125e6	NA	surface code + CCZ factories	not specified	1e-3	2.7e1	1e-6	1e-5	NA	NA	NA	NA	4 CCZ factories; physical error rate 0.001; surface-code cycle time 1us; reaction time 10us; physical modality not specified in this paper entry	論理量子ビット・Toffoli数: [Table V, FeMoco-76, 1459 qubits and 9.99e8 Toffoli gates](https://arxiv.org/pdf/2502.15882#page=14); 物理量子ビット・実行時間・物理仮定: [4.5 million physical qubits, 8.6 hours, p=0.001, 1us cycle, 10us reaction, d=27](https://arxiv.org/pdf/2502.15882#page=14)	Table VはLi et al. 113e/76o FeMoco active spaceのground-state energy estimation to chemical accuracyのDFTHC+BLISS+SA見積もり。物理資源はLee et al. 2020と同じQEC modelを使った概算。実行時間は8.6 hours = 3.096e4 s。時空間体積は4.5e6 qubits x 8.6 hours / 24 = 1.6125e6 qubit-days。状態準備: phase estimationの初期状態overlapを別途仮定しており、state preparationコストはこの行では数値化していない。古典比較: Zhai et al. 2026のLLDUC 76o/113e FeMo-co benchmarkを、このLi et al. 113e/76o active space側に対応する古典基準として併記。	8.244e4	NA	Zhai et al. 2026 FeMo-co LLDUC classical benchmark; ideal Frontier CPU+GPU FLOP normalization; UDMRG D=393000 two sweeps to 1 kcal/mol; practical implementation factors ignored as in the paper	古典計算時間: [22.9 hours = 8.244e4 s for two sweeps variational DMRG with D=393000 under ideal Frontier FLOP normalization](https://arxiv.org/pdf/2601.04621#page=11); CPU core-hour scaling: [4.08e9 CPU core hours](https://arxiv.org/pdf/2601.04621#page=10); model: [76 orbital/152 qubit LLDUC FeMo-co resting-state model](https://arxiv.org/pdf/2601.04621#page=1)
2025-05	有限体離散対数	[Chevignard et al. 2025 abstract](https://eprint.iacr.org/2024/222.pdf#page=2)	safe-prime group 2048-bit / 224-bit DL	論理回路見積もり	0	6.84e2	NA	4.295e9	NA	NA	NA	NA	NA	NA	NA	NA	NA	NA	NA	NA	NA	2e1	NA	NA	NA	NA	NA	他ゲート種の総数はabstractでは記載なし。	NA	NA	NA	NA
2025-05	RSA整数の素因数分解	[Chevignard, Fouque, Schrottenloher 2025 Table 3](https://eprint.iacr.org/2024/222.pdf#page=43)	RSA-2048	論理回路見積もり / other logical gate count option 1	0	1.73e3	NA	NA	NA	NA	2.01e12	NA	NA	NA	NA	NA	NA	NA	NA	NA	NA	4e1	NA	NA	NA	NA	NA	論理回路のみ。物理アーキテクチャ、routing、distillationは含めないと明記。	NA	NA	NA	NA
2025-05	RSA整数の素因数分解	[Chevignard, Fouque, Schrottenloher 2025 Table 3](https://eprint.iacr.org/2024/222.pdf#page=43)	RSA-2048	論理回路見積もり / other logical gate count option 2	0	1.73e3	NA	NA	NA	NA	1.481e12	NA	NA	NA	NA	NA	NA	NA	NA	NA	NA	4e1	NA	NA	NA	NA	NA	論理回路のみ。物理アーキテクチャ、routing、distillationは含めないと明記。	NA	NA	NA	NA
2025-05	RSA整数の素因数分解	[Chevignard, Fouque, Schrottenloher 2025 Table 3](https://eprint.iacr.org/2024/222.pdf#page=43)	RSA-2048	論理回路見積もり / other logical gate count option 3	0	1.73e3	NA	NA	NA	NA	2.481e10	NA	NA	NA	NA	NA	NA	NA	NA	NA	NA	4e1	NA	NA	NA	NA	NA	論理回路のみ。物理アーキテクチャ、routing、distillationは含めないと明記。	NA	NA	NA	NA
2025-05	RSA整数の素因数分解	[Chevignard, Fouque, Schrottenloher 2025 Table 3](https://eprint.iacr.org/2024/222.pdf#page=43)	RSA-3072	論理回路見積もり	0	2.415e3	NA	NA	NA	NA	7.145e12	NA	NA	NA	NA	NA	NA	NA	NA	NA	NA	4.8e1	NA	NA	NA	NA	NA	論理回路のみ。物理アーキテクチャ、routing、distillationは含めないと明記。	NA	NA	NA	NA
2025-05	RSA整数の素因数分解	[Chevignard, Fouque, Schrottenloher 2025 Table 3](https://eprint.iacr.org/2024/222.pdf#page=43)	RSA-4096	論理回路見積もり	0	3.096e3	NA	NA	NA	NA	1.747e13	NA	NA	NA	NA	NA	NA	NA	NA	NA	NA	5.4e1	NA	NA	NA	NA	NA	論理回路のみ。物理アーキテクチャ、routing、distillationは含めないと明記。	NA	NA	NA	NA
2025-05	RSA整数の素因数分解	[Chevignard, Fouque, Schrottenloher 2025 Table 3](https://eprint.iacr.org/2024/222.pdf#page=43)	RSA-6144	論理回路見積もり	0	4.43e3	NA	NA	NA	NA	6.566e13	NA	NA	NA	NA	NA	NA	NA	NA	NA	NA	6.8e1	NA	NA	NA	NA	NA	論理回路のみ。物理アーキテクチャ、routing、distillationは含めないと明記。	NA	NA	NA	NA
2025-05	RSA整数の素因数分解	[Chevignard, Fouque, Schrottenloher 2025 Table 3](https://eprint.iacr.org/2024/222.pdf#page=43)	RSA-8192	論理回路見積もり	0	5.781e3	NA	NA	NA	NA	1.594e14	NA	NA	NA	NA	NA	NA	NA	NA	NA	NA	7.4e1	NA	NA	NA	NA	NA	論理回路のみ。物理アーキテクチャ、routing、distillationは含めないと明記。	NA	NA	NA	NA
2025-05-21	RSA整数の素因数分解	[Gidney 2025 Table 5](https://arxiv.org/pdf/2505.15917#page=18)	RSA-1024	Table 5 logical cost estimate	0	7.42e2	NA	1.1e9	NA	NA	NA	NA	NA	NA	NA	NA	NA	NA	NA	NA	NA	9.4e0	NA	NA	NA	s=8; l=18; w1=6; w3=3; w4=6; f=28; m=640; Pdeviant=2.87%; E(shots)=9.4; logical Toffoli/logical-qubit estimate only; no physical implementation assigned for this row	実装レベル: [Table 5 gives logical cost estimates; physical conversion is worked out for n=2048](https://arxiv.org/pdf/2505.15917#page=18)	Table 5はlogical cost estimates。物理換算はRSA-2048行について別途実施。他ゲート種の総数はこの表では記載なし。 Table 5の非RSA-2048行は論理Toffoli数・論理量子ビット数の見積もりとして扱い、物理実装仮定はこの行には割り当てない。	NA	NA	NA	NA
2025-05-21	RSA整数の素因数分解	[Gidney 2025 Table 5](https://arxiv.org/pdf/2505.15917#page=18)	RSA-1536	Table 5 logical cost estimate	0	1.074e3	NA	3.1e9	NA	NA	NA	NA	NA	NA	NA	NA	NA	NA	NA	NA	NA	9.3e0	NA	NA	NA	s=8; l=21; w1=6; w3=3; w4=5; f=31; m=960; Pdeviant=1.83%; E(shots)=9.3; logical Toffoli/logical-qubit estimate only; no physical implementation assigned for this row	実装レベル: [Table 5 gives logical cost estimates; physical conversion is worked out for n=2048](https://arxiv.org/pdf/2505.15917#page=18)	Table 5はlogical cost estimates。物理換算はRSA-2048行について別途実施。他ゲート種の総数はこの表では記載なし。 Table 5の非RSA-2048行は論理Toffoli数・論理量子ビット数の見積もりとして扱い、物理実装仮定はこの行には割り当てない。	NA	NA	NA	NA
2025-05-21	RSA整数の素因数分解	[Gidney 2025 Table 5](https://arxiv.org/pdf/2505.15917#page=18)	RSA-2048	Table 5 logical cost + Section 3.2 physical conversion / logical qubits option 1	0	1.399e3	8.98e5	6.5e9	NA	NA	NA	NA	4.285e5	NA	NA	surface code + yoked surface codes + lattice surgery	not specified	1e-3	2.5e1	1e-6	1e-5	9.2e0	NA	1e-15	Gidney 2025 Section 3.2 states a target logical error rate of 1e-15 per logical qubit round for RSA-2048 storage; used for hot and cold storage estimates.	s=8; l=21; w1=6; w3=3; w4=5; f=33; m=1280; Pdeviant=1.25%; E(shots)=9.2; hot storage 1352 physical/logical; cold storage 430 physical/logical; 6 CCZ factories; square grid nearest-neighbor qubit architecture; uniform depolarizing noise model; physical qubit modality not specified	論理量子ビット: [1.537e3;1.6e3](https://arxiv.org/pdf/2505.15917#page=20); 物理量子ビット: [8.98e5](https://arxiv.org/pdf/2505.15917#page=20); 実行時間: [4.285e5](https://arxiv.org/pdf/2505.15917#page=20); 物理仮定: [square grid nearest-neighbor qubits, p=1e-3, 1us cycle, 10us reaction; physical modality not specified](https://arxiv.org/pdf/2505.15917#page=20)	Table 5はlogical cost estimates。物理換算はRSA-2048行について別途実施。他ゲート種の総数はこの表では記載なし。物理換算節ではRSA-2048のみ、hot storageにdistance 25 surface-code patches、cold storageにyoked surface codesを用いる。 デバイス種は指定されていない。square grid nearest-neighbor は物理量子ビット種ではなくアーキテクチャ仮定として扱う。	NA	NA	NA	NA
2025-05-21	RSA整数の素因数分解	[Gidney 2025 Table 5](https://arxiv.org/pdf/2505.15917#page=18)	RSA-2048	Table 5 logical cost + Section 3.2 physical conversion / logical qubits option 2	0	1.537e3	8.98e5	6.5e9	NA	NA	NA	NA	4.285e5	NA	NA	surface code + yoked surface codes + lattice surgery	not specified	1e-3	2.5e1	1e-6	1e-5	9.2e0	NA	1e-15	Gidney 2025 Section 3.2 states a target logical error rate of 1e-15 per logical qubit round for RSA-2048 storage; used for hot and cold storage estimates.	s=8; l=21; w1=6; w3=3; w4=5; f=33; m=1280; Pdeviant=1.25%; E(shots)=9.2; hot storage 1352 physical/logical; cold storage 430 physical/logical; 6 CCZ factories; square grid nearest-neighbor qubit architecture; uniform depolarizing noise model; physical qubit modality not specified	論理量子ビット: [1.537e3;1.6e3](https://arxiv.org/pdf/2505.15917#page=20); 物理量子ビット: [8.98e5](https://arxiv.org/pdf/2505.15917#page=20); 実行時間: [4.285e5](https://arxiv.org/pdf/2505.15917#page=20); 物理仮定: [square grid nearest-neighbor qubits, p=1e-3, 1us cycle, 10us reaction; physical modality not specified](https://arxiv.org/pdf/2505.15917#page=20)	Table 5はlogical cost estimates。物理換算はRSA-2048行について別途実施。他ゲート種の総数はこの表では記載なし。物理換算節ではRSA-2048のみ、hot storageにdistance 25 surface-code patches、cold storageにyoked surface codesを用いる。 デバイス種は指定されていない。square grid nearest-neighbor は物理量子ビット種ではなくアーキテクチャ仮定として扱う。	NA	NA	NA	NA
2025-05-21	RSA整数の素因数分解	[Gidney 2025 Table 5](https://arxiv.org/pdf/2505.15917#page=18)	RSA-2048	Table 5 logical cost + Section 3.2 physical conversion / logical qubits option 3	0	1.6e3	8.98e5	6.5e9	NA	NA	NA	NA	4.285e5	NA	NA	surface code + yoked surface codes + lattice surgery	not specified	1e-3	2.5e1	1e-6	1e-5	9.2e0	NA	1e-15	Gidney 2025 Section 3.2 states a target logical error rate of 1e-15 per logical qubit round for RSA-2048 storage; used for hot and cold storage estimates.	s=8; l=21; w1=6; w3=3; w4=5; f=33; m=1280; Pdeviant=1.25%; E(shots)=9.2; hot storage 1352 physical/logical; cold storage 430 physical/logical; 6 CCZ factories; square grid nearest-neighbor qubit architecture; uniform depolarizing noise model; physical qubit modality not specified	論理量子ビット: [1.537e3;1.6e3](https://arxiv.org/pdf/2505.15917#page=20); 物理量子ビット: [8.98e5](https://arxiv.org/pdf/2505.15917#page=20); 実行時間: [4.285e5](https://arxiv.org/pdf/2505.15917#page=20); 物理仮定: [square grid nearest-neighbor qubits, p=1e-3, 1us cycle, 10us reaction; physical modality not specified](https://arxiv.org/pdf/2505.15917#page=20)	Table 5はlogical cost estimates。物理換算はRSA-2048行について別途実施。他ゲート種の総数はこの表では記載なし。物理換算節ではRSA-2048のみ、hot storageにdistance 25 surface-code patches、cold storageにyoked surface codesを用いる。 デバイス種は指定されていない。square grid nearest-neighbor は物理量子ビット種ではなくアーキテクチャ仮定として扱う。	NA	NA	NA	NA
2025-05-21	RSA整数の素因数分解	[Gidney 2025 Table 5](https://arxiv.org/pdf/2505.15917#page=18)	RSA-3072	Table 5 logical cost estimate	0	2.043e3	NA	1.9e10	NA	NA	NA	NA	NA	NA	NA	NA	NA	NA	NA	NA	NA	9.2e0	NA	NA	NA	s=8; l=21; w1=6; w3=3; w4=5; f=35; m=1920; Pdeviant=0.91%; E(shots)=9.2; logical Toffoli/logical-qubit estimate only; no physical implementation assigned for this row	実装レベル: [Table 5 gives logical cost estimates; physical conversion is worked out for n=2048](https://arxiv.org/pdf/2505.15917#page=18)	Table 5はlogical cost estimates。物理換算はRSA-2048行について別途実施。他ゲート種の総数はこの表では記載なし。 Table 5の非RSA-2048行は論理Toffoli数・論理量子ビット数の見積もりとして扱い、物理実装仮定はこの行には割り当てない。	NA	NA	NA	NA
2025-05-21	RSA整数の素因数分解	[Gidney 2025 Table 5](https://arxiv.org/pdf/2505.15917#page=18)	RSA-4096	Table 5 logical cost estimate	0	2.692e3	NA	4e10	NA	NA	NA	NA	NA	NA	NA	NA	NA	NA	NA	NA	NA	9.2e0	NA	NA	NA	s=8; l=24; w1=6; w3=3; w4=5; f=36; m=2560; Pdeviant=0.80%; E(shots)=9.2; logical Toffoli/logical-qubit estimate only; no physical implementation assigned for this row	実装レベル: [Table 5 gives logical cost estimates; physical conversion is worked out for n=2048](https://arxiv.org/pdf/2505.15917#page=18)	Table 5はlogical cost estimates。物理換算はRSA-2048行について別途実施。他ゲート種の総数はこの表では記載なし。 Table 5の非RSA-2048行は論理Toffoli数・論理量子ビット数の見積もりとして扱い、物理実装仮定はこの行には割り当てない。	NA	NA	NA	NA
2025-06-11	その他 / OTOC(2)測定	[Google Quantum AI and Collaborators 2025](https://arxiv.org/pdf/2506.10191#page=5)	65-qubit OTOC(2), t=23 cycles	Willow OTOC(2) beyond-classical experiment / no error correction	1	6.5e1	6.5e1	NA	NA	NA	NA	2.3e1	7.56e3	NA	Willow superconducting processor	NA	transmon superconducting qubits	1.5e-3	NA	NA	NA	NA	NA	NA	NA	NA	物理量子ビット: [65-qubit circuits](https://arxiv.org/pdf/2506.10191#page=5); 深さ/サイクル: [t=23 cycles](https://arxiv.org/pdf/2506.10191#page=5); 実行時間: [2.1 hours per circuit = 7.56e3 s](https://arxiv.org/pdf/2506.10191#page=5); 物理量子ビット種: [superconducting transmon qubits](https://arxiv.org/pdf/2506.10191#page=6); 物理エラー率: [median two-qubit iSWAP-like gate error 0.15%](https://arxiv.org/pdf/2506.10191#page=7)	誤り訂正なし実験なので、グラフ用には論理量子ビット数=物理量子ビット数として扱う。主張の中心は65-qubit OTOC(2) off-diagonal measurementで、SNRは65-qubit datasetで2から3と推定。古典時間は厳密計算寄りのtensor-network contraction estimateで、Frontier上の理想化された20% FLOP efficiencyを仮定する。装置ベンチマークとして103-qubit RCS, 40 cycles, fidelity 0.001, 100 million samples, Frontier simulation runtime ~1e25 yearsも同論文に記載されるが、この行はOTOC(2)主実験を表す。	1.009e8	NA	Frontier supercomputer tensor-network contraction estimate for one 65-qubit OTOC(2) circuit; TNCO path optimization on 20 Google Cloud c2-standard-60 VMs; assumes Frontier peak 1.71e18 FLOP/s and 20% FLOP efficiency; classical time approximately 3.2 years; quantum data collection 2.1 hours per circuit	古典計算時間: [TN contraction on Frontier converges to about 3.2 years; quantum data collection time 2.1 hours per circuit; about 13000x longer](https://arxiv.org/pdf/2506.10191#page=5); 詳細仮定: [20 c2-standard-60 Google Cloud VMs, 1200 CPUs, optimization up to 24 hours](https://arxiv.org/pdf/2506.10191#page=5); 物理エラー率: [median two-qubit iSWAP-like gate error 0.15%](https://arxiv.org/pdf/2506.10191#page=7)
2025-10-29	その他 / peaked circuit peak finding	[Gharibyan et al. 2025](https://arxiv.org/pdf/2510.25838#page=4)	56 qubits, 1917 RZZ gates, 2000 shots	Quantinuum H2 peaked-circuit experiment / no error correction / Kremer-Dupuis MPO baseline	1	5.6e1	5.6e1	NA	NA	NA	1.917e3	NA	7.2e3	NA	Quantinuum System Model H2	NA	trapped-ion qubits	1.57e-3	NA	NA	NA	2e3	NA	NA	NA	no error correction; HQAP peaked circuit; all-to-all connectivity; RZZ two-qubit gates; physical qubits treated as logical qubits; quantum runtime is an upper bound from under 2 hours	量子実験: [56-qubit H2 peaked circuits with two-qubit gate counts up to 2000; 1917 RZZ run gives 17/2000 correct peaked bitstrings](https://arxiv.org/pdf/2510.25838#page=4); 実行時間: [H2 detects the peak in under 2 hours with 1000 shots at 3000 HQC/hour](https://arxiv.org/pdf/2510.25838#page=4); 古典時間: [single Nvidia A100 GPU completed the P9 Hqap 56x1917 contraction in 4059 seconds](https://arxiv.org/pdf/2604.21908#page=5); 推定物理エラー率: [Quantinuum H2 56-qubit configuration 2Q gate fidelity 99.843(5)% -> 2Q gate infidelity 1.57e-3](https://arxiv.org/pdf/2406.02501#page=1)	誤り訂正なし実験なので、グラフ用には論理量子ビット数=物理量子ビット数として扱う。古典比較の対象を揃えるため、Gharibyan et al.の2044 RZZ signal rowではなく、Kremer and Dupuisが実際に古典シミュレーションしたP9 Hqap 56x1917 circuitを記録。その他論理ゲート数には報告されたRZZ two-qubit gate countを入れる。物理エラー率はGharibyan et al.本文の行対応キャリブレーション値ではなく、DeCross et al. 2024のQuantinuum H2 56-qubit公開ベンチマークに基づく推定値（2Q gate infidelity 1.57e-3）。	4.059e3	NA	Kremer and Dupuis 2026 MPO iterative cancellation baseline; single Nvidia A100 GPU (80 GB); near-exact samples from the ideal circuit; 1000 samples drawn after contraction; method exploits mirrored HQAP circuit structure	古典計算時間: [4059 seconds on a single Nvidia A100 GPU; same circuit executed on Quantinuum H2 in under 2 hours](https://arxiv.org/pdf/2604.21908#page=5); サンプル検証: [1000 samples drawn from contracted MPS, peak appears about 110 times](https://arxiv.org/pdf/2604.21908#page=6)
2025-09-10	その他 / Navier-Stokes方程式	[Zhuang et al. 2025](https://arxiv.org/pdf/2509.08807#page=8)	2D Taylor-Green vortex, N=2^80 grid	NSE solver / surface-code physical resource estimate	0	1.81e2	8.71e6	NA	NA	NA	NA	3.7e9	3.68e6	3.71e8	surface code / superconducting QEC cycle	surface code	superconducting qubits	5e-4	2.5e1	1e-6	NA	1e3	NA	NA	NA	spectral-based I/O; compressed-sensing tomography; routing qubits assumed equal to circuit qubits	論理量子ビット: [181](https://arxiv.org/pdf/2509.08807#page=50); 物理量子ビット: [8.71e6](https://arxiv.org/pdf/2509.08807#page=51); 深さ/サイクル: [3.70e9 QEC cycles](https://arxiv.org/pdf/2509.08807#page=51); 実行時間: [3.68e6](https://arxiv.org/pdf/2509.08807#page=51); 時空間体積: [8.71e6 * 3.68e6 / 86400 = 3.71e8](https://arxiv.org/pdf/2509.08807#page=51); 物理エラー率: [5e-4](https://arxiv.org/pdf/2509.08807#page=50); code distance: [25](https://arxiv.org/pdf/2509.08807#page=50); cycle/測定時間: [1e-6](https://arxiv.org/pdf/2509.08807#page=51); shot/run: [1000](https://arxiv.org/pdf/2509.08807#page=50)	最終要約は非Clifford depth RD+TDに基づく。Toffoli count/T-countの単一値は最終式に明示されていないためNA。QNcircuit=181*2*25^2=226250, QNfactory=8.16e6, QNrouting=QNcircuit仮定。N=2^80 gridの見積もりで、古典比較ではNLS=2^82を使う。1行はNsample=1000込みの総実行時間。	4.10e9	1.1e3	El Capitan LINPACK Rmax=1.742e18 FLOP/s; double precision CFD baseline; same-sized 2^80-grid/NLS=2^82 problem	古典計算時間: [Tclassical=C/Rmax >= 4.10e9 s ~= 129.85 years](https://arxiv.org/pdf/2509.08807#page=52); 量子/古典比較: [Tquantum=3.68e6 s, 1100x speedup](https://arxiv.org/pdf/2509.08807#page=8)
2026-02-12	量子シミュレーション / Fermi-Hubbard基底状態エネルギー推定	[Webster et al. 2026 Table IV](https://arxiv.org/pdf/2602.11457#page=14)	L=16x16, u=4, relative error <=0.5%	Pinnacle architecture / one shot / measurement time 1ms	0	5.14e2	5.8e4	NA	9.5e5	NA	NA	8e6	2.246e5	NA	NA	Pinnacle Architecture / generalized bicycle QLDPC codes	not specified	1e-3	NA	1e-3	NA	NA	NA	NA	NA	repeat-until-success synthesis for arbitrary Z rotations; pout=1e-9 magic engines; Pinnacle Architecture; generalized bicycle QLDPC code blocks; quasi-local bounded-distance connectivity; physical modality not specified	Tゲート数: [9.5e5](https://arxiv.org/pdf/2012.09238#page=6); 深さ/サイクル: [8e6 logical-cycle upper bound](https://arxiv.org/pdf/2602.11457#page=14); 物理仮定: [Pinnacle uses QLDPC code blocks and is intended for a range of hardware platforms; physical modality is not fixed](https://arxiv.org/pdf/2602.11457#page=2)	代表サイズのみ追加。Table IVには偶数L=8-32の全行あり。論理量子ビット数はWebsterのN=2L^2+2。Tゲート数はWebster Eq. (16) が参照する Campbell 2022 Table II のPLAQ T gates (NT) をLごとに使用。計算式: Webster Eq. (16) / Campbell Eq. (F10) の tau = 6.203*sqrt(W)/(epsilon*(1-x))^(3/2) * (N_R*(1.15*log2(N_R*sqrt(3W)/(x*sqrt(1-x)*epsilon^(3/2))) + 9.2) + N_T)。ここでN_T=12L^2、N_R=4L^2、epsilon=0.005*E0で、xは誤差配分の最適化パラメータ。深さ/サイクル(count)はWebsterがPinnacle実行時間に使うlogical cycles upper bound 8e6。 状態準備: Table IVはone shotの見積もり。完全な基底状態エネルギー決定にはinitial stateと真の基底状態のoverlapに依存する複数shotが必要で、shotは直列または並列に実行できると述べる。初期状態準備回路コストは別途数値化していない。 Pinnacle/QLDPCはデバイス種ではなく誤り訂正アーキテクチャとして扱う。物理量子ビット種は行ごとには固定されていない。	NA	NA	NA	NA
2026-02-12	量子シミュレーション / Fermi-Hubbard基底状態エネルギー推定	[Webster et al. 2026 Table IV](https://arxiv.org/pdf/2602.11457#page=14)	L=16x16, u=4, relative error <=0.5%	Pinnacle architecture / one shot / measurement time 1ms	0	5.14e2	2e4	NA	9.5e5	NA	NA	8e6	1.123e5	NA	NA	Pinnacle Architecture / generalized bicycle QLDPC codes	not specified	1e-4	NA	1e-3	NA	NA	NA	NA	NA	repeat-until-success synthesis for arbitrary Z rotations; pout=1e-9 magic engines; Pinnacle Architecture; generalized bicycle QLDPC code blocks; quasi-local bounded-distance connectivity; physical modality not specified	Tゲート数: [9.5e5](https://arxiv.org/pdf/2012.09238#page=6); 深さ/サイクル: [8e6 logical-cycle upper bound](https://arxiv.org/pdf/2602.11457#page=14); 物理仮定: [Pinnacle uses QLDPC code blocks and is intended for a range of hardware platforms; physical modality is not fixed](https://arxiv.org/pdf/2602.11457#page=2)	代表サイズのみ追加。Table IVには偶数L=8-32の全行あり。論理量子ビット数はWebsterのN=2L^2+2。Tゲート数はWebster Eq. (16) が参照する Campbell 2022 Table II のPLAQ T gates (NT) をLごとに使用。計算式: Webster Eq. (16) / Campbell Eq. (F10) の tau = 6.203*sqrt(W)/(epsilon*(1-x))^(3/2) * (N_R*(1.15*log2(N_R*sqrt(3W)/(x*sqrt(1-x)*epsilon^(3/2))) + 9.2) + N_T)。ここでN_T=12L^2、N_R=4L^2、epsilon=0.005*E0で、xは誤差配分の最適化パラメータ。深さ/サイクル(count)はWebsterがPinnacle実行時間に使うlogical cycles upper bound 8e6。 状態準備: Table IVはone shotの見積もり。完全な基底状態エネルギー決定にはinitial stateと真の基底状態のoverlapに依存する複数shotが必要で、shotは直列または並列に実行できると述べる。初期状態準備回路コストは別途数値化していない。 Pinnacle/QLDPCはデバイス種ではなく誤り訂正アーキテクチャとして扱う。物理量子ビット種は行ごとには固定されていない。	NA	NA	NA	NA
2026-02-12	量子シミュレーション / Fermi-Hubbard基底状態エネルギー推定	[Webster et al. 2026 Table IV](https://arxiv.org/pdf/2602.11457#page=14)	L=16x16, u=4, relative error <=0.5%	Pinnacle architecture / one shot / measurement time 1us	0	5.14e2	5.8e4	NA	9.5e5	NA	NA	8e6	2.28e2	NA	NA	Pinnacle Architecture / generalized bicycle QLDPC codes	not specified	1e-3	NA	1e-6	NA	NA	NA	NA	NA	repeat-until-success synthesis for arbitrary Z rotations; pout=1e-9 magic engines; Pinnacle Architecture; generalized bicycle QLDPC code blocks; quasi-local bounded-distance connectivity; physical modality not specified	Tゲート数: [9.5e5](https://arxiv.org/pdf/2012.09238#page=6); 深さ/サイクル: [8e6 logical-cycle upper bound](https://arxiv.org/pdf/2602.11457#page=14); 物理仮定: [Pinnacle uses QLDPC code blocks and is intended for a range of hardware platforms; physical modality is not fixed](https://arxiv.org/pdf/2602.11457#page=2)	代表サイズのみ追加。Table IVには偶数L=8-32の全行あり。論理量子ビット数はWebsterのN=2L^2+2。Tゲート数はWebster Eq. (16) が参照する Campbell 2022 Table II のPLAQ T gates (NT) をLごとに使用。計算式: Webster Eq. (16) / Campbell Eq. (F10) の tau = 6.203*sqrt(W)/(epsilon*(1-x))^(3/2) * (N_R*(1.15*log2(N_R*sqrt(3W)/(x*sqrt(1-x)*epsilon^(3/2))) + 9.2) + N_T)。ここでN_T=12L^2、N_R=4L^2、epsilon=0.005*E0で、xは誤差配分の最適化パラメータ。深さ/サイクル(count)はWebsterがPinnacle実行時間に使うlogical cycles upper bound 8e6。 状態準備: Table IVはone shotの見積もり。完全な基底状態エネルギー決定にはinitial stateと真の基底状態のoverlapに依存する複数shotが必要で、shotは直列または並列に実行できると述べる。初期状態準備回路コストは別途数値化していない。 Pinnacle/QLDPCはデバイス種ではなく誤り訂正アーキテクチャとして扱う。物理量子ビット種は行ごとには固定されていない。	NA	NA	NA	NA
2026-02-12	量子シミュレーション / Fermi-Hubbard基底状態エネルギー推定	[Webster et al. 2026 Table IV](https://arxiv.org/pdf/2602.11457#page=14)	L=16x16, u=4, relative error <=0.5%	Pinnacle architecture / one shot / measurement time 1us	0	5.14e2	2e4	NA	9.5e5	NA	NA	8e6	1.08e2	NA	NA	Pinnacle Architecture / generalized bicycle QLDPC codes	not specified	1e-4	NA	1e-6	NA	NA	NA	NA	NA	repeat-until-success synthesis for arbitrary Z rotations; pout=1e-9 magic engines; Pinnacle Architecture; generalized bicycle QLDPC code blocks; quasi-local bounded-distance connectivity; physical modality not specified	Tゲート数: [9.5e5](https://arxiv.org/pdf/2012.09238#page=6); 深さ/サイクル: [8e6 logical-cycle upper bound](https://arxiv.org/pdf/2602.11457#page=14); 物理仮定: [Pinnacle uses QLDPC code blocks and is intended for a range of hardware platforms; physical modality is not fixed](https://arxiv.org/pdf/2602.11457#page=2)	代表サイズのみ追加。Table IVには偶数L=8-32の全行あり。論理量子ビット数はWebsterのN=2L^2+2。Tゲート数はWebster Eq. (16) が参照する Campbell 2022 Table II のPLAQ T gates (NT) をLごとに使用。計算式: Webster Eq. (16) / Campbell Eq. (F10) の tau = 6.203*sqrt(W)/(epsilon*(1-x))^(3/2) * (N_R*(1.15*log2(N_R*sqrt(3W)/(x*sqrt(1-x)*epsilon^(3/2))) + 9.2) + N_T)。ここでN_T=12L^2、N_R=4L^2、epsilon=0.005*E0で、xは誤差配分の最適化パラメータ。深さ/サイクル(count)はWebsterがPinnacle実行時間に使うlogical cycles upper bound 8e6。 状態準備: Table IVはone shotの見積もり。完全な基底状態エネルギー決定にはinitial stateと真の基底状態のoverlapに依存する複数shotが必要で、shotは直列または並列に実行できると述べる。初期状態準備回路コストは別途数値化していない。 Pinnacle/QLDPCはデバイス種ではなく誤り訂正アーキテクチャとして扱う。物理量子ビット種は行ごとには固定されていない。	NA	NA	NA	NA
2026-02-12	量子シミュレーション / Fermi-Hubbard基底状態エネルギー推定	[Webster et al. 2026 Table IV](https://arxiv.org/pdf/2602.11457#page=14)	L=24x24, u=4, relative error <=0.5%	Pinnacle architecture / one shot / measurement time 1ms	0	1.154e3	1.23e5	NA	8.5e5	NA	NA	8e6	2.246e5	NA	NA	Pinnacle Architecture / generalized bicycle QLDPC codes	not specified	1e-3	NA	1e-3	NA	NA	NA	NA	NA	repeat-until-success synthesis for arbitrary Z rotations; pout=1e-9 magic engines; Pinnacle Architecture; generalized bicycle QLDPC code blocks; quasi-local bounded-distance connectivity; physical modality not specified	Tゲート数: [8.5e5](https://arxiv.org/pdf/2012.09238#page=6); 深さ/サイクル: [8e6 logical-cycle upper bound](https://arxiv.org/pdf/2602.11457#page=14); 物理仮定: [Pinnacle uses QLDPC code blocks and is intended for a range of hardware platforms; physical modality is not fixed](https://arxiv.org/pdf/2602.11457#page=2)	代表サイズのみ追加。Table IVには偶数L=8-32の全行あり。論理量子ビット数はWebsterのN=2L^2+2。Tゲート数はWebster Eq. (16) が参照する Campbell 2022 Table II のPLAQ T gates (NT) をLごとに使用。計算式: Webster Eq. (16) / Campbell Eq. (F10) の tau = 6.203*sqrt(W)/(epsilon*(1-x))^(3/2) * (N_R*(1.15*log2(N_R*sqrt(3W)/(x*sqrt(1-x)*epsilon^(3/2))) + 9.2) + N_T)。ここでN_T=12L^2、N_R=4L^2、epsilon=0.005*E0で、xは誤差配分の最適化パラメータ。深さ/サイクル(count)はWebsterがPinnacle実行時間に使うlogical cycles upper bound 8e6。 状態準備: Table IVはone shotの見積もり。完全な基底状態エネルギー決定にはinitial stateと真の基底状態のoverlapに依存する複数shotが必要で、shotは直列または並列に実行できると述べる。初期状態準備回路コストは別途数値化していない。 Pinnacle/QLDPCはデバイス種ではなく誤り訂正アーキテクチャとして扱う。物理量子ビット種は行ごとには固定されていない。	NA	NA	NA	NA
2026-02-12	量子シミュレーション / Fermi-Hubbard基底状態エネルギー推定	[Webster et al. 2026 Table IV](https://arxiv.org/pdf/2602.11457#page=14)	L=24x24, u=4, relative error <=0.5%	Pinnacle architecture / one shot / measurement time 1ms	0	1.154e3	4.4e4	NA	8.5e5	NA	NA	8e6	1.123e5	NA	NA	Pinnacle Architecture / generalized bicycle QLDPC codes	not specified	1e-4	NA	1e-3	NA	NA	NA	NA	NA	repeat-until-success synthesis for arbitrary Z rotations; pout=1e-9 magic engines; Pinnacle Architecture; generalized bicycle QLDPC code blocks; quasi-local bounded-distance connectivity; physical modality not specified	Tゲート数: [8.5e5](https://arxiv.org/pdf/2012.09238#page=6); 深さ/サイクル: [8e6 logical-cycle upper bound](https://arxiv.org/pdf/2602.11457#page=14); 物理仮定: [Pinnacle uses QLDPC code blocks and is intended for a range of hardware platforms; physical modality is not fixed](https://arxiv.org/pdf/2602.11457#page=2)	代表サイズのみ追加。Table IVには偶数L=8-32の全行あり。論理量子ビット数はWebsterのN=2L^2+2。Tゲート数はWebster Eq. (16) が参照する Campbell 2022 Table II のPLAQ T gates (NT) をLごとに使用。計算式: Webster Eq. (16) / Campbell Eq. (F10) の tau = 6.203*sqrt(W)/(epsilon*(1-x))^(3/2) * (N_R*(1.15*log2(N_R*sqrt(3W)/(x*sqrt(1-x)*epsilon^(3/2))) + 9.2) + N_T)。ここでN_T=12L^2、N_R=4L^2、epsilon=0.005*E0で、xは誤差配分の最適化パラメータ。深さ/サイクル(count)はWebsterがPinnacle実行時間に使うlogical cycles upper bound 8e6。 状態準備: Table IVはone shotの見積もり。完全な基底状態エネルギー決定にはinitial stateと真の基底状態のoverlapに依存する複数shotが必要で、shotは直列または並列に実行できると述べる。初期状態準備回路コストは別途数値化していない。 Pinnacle/QLDPCはデバイス種ではなく誤り訂正アーキテクチャとして扱う。物理量子ビット種は行ごとには固定されていない。	NA	NA	NA	NA
2026-02-12	量子シミュレーション / Fermi-Hubbard基底状態エネルギー推定	[Webster et al. 2026 Table IV](https://arxiv.org/pdf/2602.11457#page=14)	L=24x24, u=4, relative error <=0.5%	Pinnacle architecture / one shot / measurement time 1us	0	1.154e3	1.23e5	NA	8.5e5	NA	NA	8e6	2.28e2	NA	NA	Pinnacle Architecture / generalized bicycle QLDPC codes	not specified	1e-3	NA	1e-6	NA	NA	NA	NA	NA	repeat-until-success synthesis for arbitrary Z rotations; pout=1e-9 magic engines; Pinnacle Architecture; generalized bicycle QLDPC code blocks; quasi-local bounded-distance connectivity; physical modality not specified	Tゲート数: [8.5e5](https://arxiv.org/pdf/2012.09238#page=6); 深さ/サイクル: [8e6 logical-cycle upper bound](https://arxiv.org/pdf/2602.11457#page=14); 物理仮定: [Pinnacle uses QLDPC code blocks and is intended for a range of hardware platforms; physical modality is not fixed](https://arxiv.org/pdf/2602.11457#page=2)	代表サイズのみ追加。Table IVには偶数L=8-32の全行あり。論理量子ビット数はWebsterのN=2L^2+2。Tゲート数はWebster Eq. (16) が参照する Campbell 2022 Table II のPLAQ T gates (NT) をLごとに使用。計算式: Webster Eq. (16) / Campbell Eq. (F10) の tau = 6.203*sqrt(W)/(epsilon*(1-x))^(3/2) * (N_R*(1.15*log2(N_R*sqrt(3W)/(x*sqrt(1-x)*epsilon^(3/2))) + 9.2) + N_T)。ここでN_T=12L^2、N_R=4L^2、epsilon=0.005*E0で、xは誤差配分の最適化パラメータ。深さ/サイクル(count)はWebsterがPinnacle実行時間に使うlogical cycles upper bound 8e6。 状態準備: Table IVはone shotの見積もり。完全な基底状態エネルギー決定にはinitial stateと真の基底状態のoverlapに依存する複数shotが必要で、shotは直列または並列に実行できると述べる。初期状態準備回路コストは別途数値化していない。 Pinnacle/QLDPCはデバイス種ではなく誤り訂正アーキテクチャとして扱う。物理量子ビット種は行ごとには固定されていない。	NA	NA	NA	NA
2026-02-12	量子シミュレーション / Fermi-Hubbard基底状態エネルギー推定	[Webster et al. 2026 Table IV](https://arxiv.org/pdf/2602.11457#page=14)	L=24x24, u=4, relative error <=0.5%	Pinnacle architecture / one shot / measurement time 1us	0	1.154e3	4.4e4	NA	8.5e5	NA	NA	8e6	1.08e2	NA	NA	Pinnacle Architecture / generalized bicycle QLDPC codes	not specified	1e-4	NA	1e-6	NA	NA	NA	NA	NA	repeat-until-success synthesis for arbitrary Z rotations; pout=1e-9 magic engines; Pinnacle Architecture; generalized bicycle QLDPC code blocks; quasi-local bounded-distance connectivity; physical modality not specified	Tゲート数: [8.5e5](https://arxiv.org/pdf/2012.09238#page=6); 深さ/サイクル: [8e6 logical-cycle upper bound](https://arxiv.org/pdf/2602.11457#page=14); 物理仮定: [Pinnacle uses QLDPC code blocks and is intended for a range of hardware platforms; physical modality is not fixed](https://arxiv.org/pdf/2602.11457#page=2)	代表サイズのみ追加。Table IVには偶数L=8-32の全行あり。論理量子ビット数はWebsterのN=2L^2+2。Tゲート数はWebster Eq. (16) が参照する Campbell 2022 Table II のPLAQ T gates (NT) をLごとに使用。計算式: Webster Eq. (16) / Campbell Eq. (F10) の tau = 6.203*sqrt(W)/(epsilon*(1-x))^(3/2) * (N_R*(1.15*log2(N_R*sqrt(3W)/(x*sqrt(1-x)*epsilon^(3/2))) + 9.2) + N_T)。ここでN_T=12L^2、N_R=4L^2、epsilon=0.005*E0で、xは誤差配分の最適化パラメータ。深さ/サイクル(count)はWebsterがPinnacle実行時間に使うlogical cycles upper bound 8e6。 状態準備: Table IVはone shotの見積もり。完全な基底状態エネルギー決定にはinitial stateと真の基底状態のoverlapに依存する複数shotが必要で、shotは直列または並列に実行できると述べる。初期状態準備回路コストは別途数値化していない。 Pinnacle/QLDPCはデバイス種ではなく誤り訂正アーキテクチャとして扱う。物理量子ビット種は行ごとには固定されていない。	NA	NA	NA	NA
2026-02-12	量子シミュレーション / Fermi-Hubbard基底状態エネルギー推定	[Webster et al. 2026 Table IV](https://arxiv.org/pdf/2602.11457#page=14)	L=32x32, u=4, relative error <=0.5%	Pinnacle architecture / one shot / measurement time 1ms	0	2.05e3	2.13e5	NA	8.7e5	NA	NA	8e6	2.246e5	NA	NA	Pinnacle Architecture / generalized bicycle QLDPC codes	not specified	1e-3	NA	1e-3	NA	NA	NA	NA	NA	repeat-until-success synthesis for arbitrary Z rotations; pout=1e-9 magic engines; Pinnacle Architecture; generalized bicycle QLDPC code blocks; quasi-local bounded-distance connectivity; physical modality not specified	Tゲート数: [8.7e5](https://arxiv.org/pdf/2012.09238#page=6); 深さ/サイクル: [8e6 logical-cycle upper bound](https://arxiv.org/pdf/2602.11457#page=14); 物理仮定: [Pinnacle uses QLDPC code blocks and is intended for a range of hardware platforms; physical modality is not fixed](https://arxiv.org/pdf/2602.11457#page=2)	代表サイズのみ追加。Table IVには偶数L=8-32の全行あり。論理量子ビット数はWebsterのN=2L^2+2。Tゲート数はWebster Eq. (16) が参照する Campbell 2022 Table II のPLAQ T gates (NT) をLごとに使用。計算式: Webster Eq. (16) / Campbell Eq. (F10) の tau = 6.203*sqrt(W)/(epsilon*(1-x))^(3/2) * (N_R*(1.15*log2(N_R*sqrt(3W)/(x*sqrt(1-x)*epsilon^(3/2))) + 9.2) + N_T)。ここでN_T=12L^2、N_R=4L^2、epsilon=0.005*E0で、xは誤差配分の最適化パラメータ。深さ/サイクル(count)はWebsterがPinnacle実行時間に使うlogical cycles upper bound 8e6。 状態準備: Table IVはone shotの見積もり。完全な基底状態エネルギー決定にはinitial stateと真の基底状態のoverlapに依存する複数shotが必要で、shotは直列または並列に実行できると述べる。初期状態準備回路コストは別途数値化していない。 Pinnacle/QLDPCはデバイス種ではなく誤り訂正アーキテクチャとして扱う。物理量子ビット種は行ごとには固定されていない。	NA	NA	NA	NA
2026-02-12	量子シミュレーション / Fermi-Hubbard基底状態エネルギー推定	[Webster et al. 2026 Table IV](https://arxiv.org/pdf/2602.11457#page=14)	L=32x32, u=4, relative error <=0.5%	Pinnacle architecture / one shot / measurement time 1ms	0	2.05e3	7.8e4	NA	8.7e5	NA	NA	8e6	1.123e5	NA	NA	Pinnacle Architecture / generalized bicycle QLDPC codes	not specified	1e-4	NA	1e-3	NA	NA	NA	NA	NA	repeat-until-success synthesis for arbitrary Z rotations; pout=1e-9 magic engines; Pinnacle Architecture; generalized bicycle QLDPC code blocks; quasi-local bounded-distance connectivity; physical modality not specified	Tゲート数: [8.7e5](https://arxiv.org/pdf/2012.09238#page=6); 深さ/サイクル: [8e6 logical-cycle upper bound](https://arxiv.org/pdf/2602.11457#page=14); 物理仮定: [Pinnacle uses QLDPC code blocks and is intended for a range of hardware platforms; physical modality is not fixed](https://arxiv.org/pdf/2602.11457#page=2)	代表サイズのみ追加。Table IVには偶数L=8-32の全行あり。論理量子ビット数はWebsterのN=2L^2+2。Tゲート数はWebster Eq. (16) が参照する Campbell 2022 Table II のPLAQ T gates (NT) をLごとに使用。計算式: Webster Eq. (16) / Campbell Eq. (F10) の tau = 6.203*sqrt(W)/(epsilon*(1-x))^(3/2) * (N_R*(1.15*log2(N_R*sqrt(3W)/(x*sqrt(1-x)*epsilon^(3/2))) + 9.2) + N_T)。ここでN_T=12L^2、N_R=4L^2、epsilon=0.005*E0で、xは誤差配分の最適化パラメータ。深さ/サイクル(count)はWebsterがPinnacle実行時間に使うlogical cycles upper bound 8e6。 状態準備: Table IVはone shotの見積もり。完全な基底状態エネルギー決定にはinitial stateと真の基底状態のoverlapに依存する複数shotが必要で、shotは直列または並列に実行できると述べる。初期状態準備回路コストは別途数値化していない。 Pinnacle/QLDPCはデバイス種ではなく誤り訂正アーキテクチャとして扱う。物理量子ビット種は行ごとには固定されていない。	NA	NA	NA	NA
2026-02-12	量子シミュレーション / Fermi-Hubbard基底状態エネルギー推定	[Webster et al. 2026 Table IV](https://arxiv.org/pdf/2602.11457#page=14)	L=32x32, u=4, relative error <=0.5%	Pinnacle architecture / one shot / measurement time 1us	0	2.05e3	2.13e5	NA	8.7e5	NA	NA	8e6	2.28e2	NA	NA	Pinnacle Architecture / generalized bicycle QLDPC codes	not specified	1e-3	NA	1e-6	NA	NA	NA	NA	NA	repeat-until-success synthesis for arbitrary Z rotations; pout=1e-9 magic engines; Pinnacle Architecture; generalized bicycle QLDPC code blocks; quasi-local bounded-distance connectivity; physical modality not specified	Tゲート数: [8.7e5](https://arxiv.org/pdf/2012.09238#page=6); 深さ/サイクル: [8e6 logical-cycle upper bound](https://arxiv.org/pdf/2602.11457#page=14); 物理仮定: [Pinnacle uses QLDPC code blocks and is intended for a range of hardware platforms; physical modality is not fixed](https://arxiv.org/pdf/2602.11457#page=2)	代表サイズのみ追加。Table IVには偶数L=8-32の全行あり。論理量子ビット数はWebsterのN=2L^2+2。Tゲート数はWebster Eq. (16) が参照する Campbell 2022 Table II のPLAQ T gates (NT) をLごとに使用。計算式: Webster Eq. (16) / Campbell Eq. (F10) の tau = 6.203*sqrt(W)/(epsilon*(1-x))^(3/2) * (N_R*(1.15*log2(N_R*sqrt(3W)/(x*sqrt(1-x)*epsilon^(3/2))) + 9.2) + N_T)。ここでN_T=12L^2、N_R=4L^2、epsilon=0.005*E0で、xは誤差配分の最適化パラメータ。深さ/サイクル(count)はWebsterがPinnacle実行時間に使うlogical cycles upper bound 8e6。 状態準備: Table IVはone shotの見積もり。完全な基底状態エネルギー決定にはinitial stateと真の基底状態のoverlapに依存する複数shotが必要で、shotは直列または並列に実行できると述べる。初期状態準備回路コストは別途数値化していない。 Pinnacle/QLDPCはデバイス種ではなく誤り訂正アーキテクチャとして扱う。物理量子ビット種は行ごとには固定されていない。	NA	NA	NA	NA
2026-02-12	量子シミュレーション / Fermi-Hubbard基底状態エネルギー推定	[Webster et al. 2026 Table IV](https://arxiv.org/pdf/2602.11457#page=14)	L=32x32, u=4, relative error <=0.5%	Pinnacle architecture / one shot / measurement time 1us	0	2.05e3	7.8e4	NA	8.7e5	NA	NA	8e6	1.08e2	NA	NA	Pinnacle Architecture / generalized bicycle QLDPC codes	not specified	1e-4	NA	1e-6	NA	NA	NA	NA	NA	repeat-until-success synthesis for arbitrary Z rotations; pout=1e-9 magic engines; Pinnacle Architecture; generalized bicycle QLDPC code blocks; quasi-local bounded-distance connectivity; physical modality not specified	Tゲート数: [8.7e5](https://arxiv.org/pdf/2012.09238#page=6); 深さ/サイクル: [8e6 logical-cycle upper bound](https://arxiv.org/pdf/2602.11457#page=14); 物理仮定: [Pinnacle uses QLDPC code blocks and is intended for a range of hardware platforms; physical modality is not fixed](https://arxiv.org/pdf/2602.11457#page=2)	代表サイズのみ追加。Table IVには偶数L=8-32の全行あり。論理量子ビット数はWebsterのN=2L^2+2。Tゲート数はWebster Eq. (16) が参照する Campbell 2022 Table II のPLAQ T gates (NT) をLごとに使用。計算式: Webster Eq. (16) / Campbell Eq. (F10) の tau = 6.203*sqrt(W)/(epsilon*(1-x))^(3/2) * (N_R*(1.15*log2(N_R*sqrt(3W)/(x*sqrt(1-x)*epsilon^(3/2))) + 9.2) + N_T)。ここでN_T=12L^2、N_R=4L^2、epsilon=0.005*E0で、xは誤差配分の最適化パラメータ。深さ/サイクル(count)はWebsterがPinnacle実行時間に使うlogical cycles upper bound 8e6。 状態準備: Table IVはone shotの見積もり。完全な基底状態エネルギー決定にはinitial stateと真の基底状態のoverlapに依存する複数shotが必要で、shotは直列または並列に実行できると述べる。初期状態準備回路コストは別途数値化していない。 Pinnacle/QLDPCはデバイス種ではなく誤り訂正アーキテクチャとして扱う。物理量子ビット種は行ごとには固定されていない。	NA	NA	NA	NA
2026-02-12	量子シミュレーション / Fermi-Hubbard基底状態エネルギー推定	[Webster et al. 2026 Table IV](https://arxiv.org/pdf/2602.11457#page=14)	L=8x8, u=4, relative error <=0.5%	Pinnacle architecture / one shot / measurement time 1ms	0	1.3e2	1.9e4	NA	1.7e6	NA	NA	8e6	2.246e5	NA	NA	Pinnacle Architecture / generalized bicycle QLDPC codes	not specified	1e-3	NA	1e-3	NA	NA	NA	NA	NA	repeat-until-success synthesis for arbitrary Z rotations; pout=1e-9 magic engines; Pinnacle Architecture; generalized bicycle QLDPC code blocks; quasi-local bounded-distance connectivity; physical modality not specified	Tゲート数: [1.7e6](https://arxiv.org/pdf/2012.09238#page=6); 深さ/サイクル: [8e6 logical-cycle upper bound](https://arxiv.org/pdf/2602.11457#page=14); 物理仮定: [Pinnacle uses QLDPC code blocks and is intended for a range of hardware platforms; physical modality is not fixed](https://arxiv.org/pdf/2602.11457#page=2)	代表サイズのみ追加。Table IVには偶数L=8-32の全行あり。論理量子ビット数はWebsterのN=2L^2+2。Tゲート数はWebster Eq. (16) が参照する Campbell 2022 Table II のPLAQ T gates (NT) をLごとに使用。計算式: Webster Eq. (16) / Campbell Eq. (F10) の tau = 6.203*sqrt(W)/(epsilon*(1-x))^(3/2) * (N_R*(1.15*log2(N_R*sqrt(3W)/(x*sqrt(1-x)*epsilon^(3/2))) + 9.2) + N_T)。ここでN_T=12L^2、N_R=4L^2、epsilon=0.005*E0で、xは誤差配分の最適化パラメータ。深さ/サイクル(count)はWebsterがPinnacle実行時間に使うlogical cycles upper bound 8e6。 状態準備: Table IVはone shotの見積もり。完全な基底状態エネルギー決定にはinitial stateと真の基底状態のoverlapに依存する複数shotが必要で、shotは直列または並列に実行できると述べる。初期状態準備回路コストは別途数値化していない。 Pinnacle/QLDPCはデバイス種ではなく誤り訂正アーキテクチャとして扱う。物理量子ビット種は行ごとには固定されていない。	NA	NA	NA	NA
2026-02-12	量子シミュレーション / Fermi-Hubbard基底状態エネルギー推定	[Webster et al. 2026 Table IV](https://arxiv.org/pdf/2602.11457#page=14)	L=8x8, u=4, relative error <=0.5%	Pinnacle architecture / one shot / measurement time 1ms	0	1.3e2	5.6e3	NA	1.7e6	NA	NA	8e6	1.123e5	NA	NA	Pinnacle Architecture / generalized bicycle QLDPC codes	not specified	1e-4	NA	1e-3	NA	NA	NA	NA	NA	repeat-until-success synthesis for arbitrary Z rotations; pout=1e-9 magic engines; Pinnacle Architecture; generalized bicycle QLDPC code blocks; quasi-local bounded-distance connectivity; physical modality not specified	Tゲート数: [1.7e6](https://arxiv.org/pdf/2012.09238#page=6); 深さ/サイクル: [8e6 logical-cycle upper bound](https://arxiv.org/pdf/2602.11457#page=14); 物理仮定: [Pinnacle uses QLDPC code blocks and is intended for a range of hardware platforms; physical modality is not fixed](https://arxiv.org/pdf/2602.11457#page=2)	代表サイズのみ追加。Table IVには偶数L=8-32の全行あり。論理量子ビット数はWebsterのN=2L^2+2。Tゲート数はWebster Eq. (16) が参照する Campbell 2022 Table II のPLAQ T gates (NT) をLごとに使用。計算式: Webster Eq. (16) / Campbell Eq. (F10) の tau = 6.203*sqrt(W)/(epsilon*(1-x))^(3/2) * (N_R*(1.15*log2(N_R*sqrt(3W)/(x*sqrt(1-x)*epsilon^(3/2))) + 9.2) + N_T)。ここでN_T=12L^2、N_R=4L^2、epsilon=0.005*E0で、xは誤差配分の最適化パラメータ。深さ/サイクル(count)はWebsterがPinnacle実行時間に使うlogical cycles upper bound 8e6。 状態準備: Table IVはone shotの見積もり。完全な基底状態エネルギー決定にはinitial stateと真の基底状態のoverlapに依存する複数shotが必要で、shotは直列または並列に実行できると述べる。初期状態準備回路コストは別途数値化していない。 Pinnacle/QLDPCはデバイス種ではなく誤り訂正アーキテクチャとして扱う。物理量子ビット種は行ごとには固定されていない。	NA	NA	NA	NA
2026-02-12	量子シミュレーション / Fermi-Hubbard基底状態エネルギー推定	[Webster et al. 2026 Table IV](https://arxiv.org/pdf/2602.11457#page=14)	L=8x8, u=4, relative error <=0.5%	Pinnacle architecture / one shot / measurement time 1us	0	1.3e2	1.9e4	NA	1.7e6	NA	NA	8e6	2.28e2	NA	NA	Pinnacle Architecture / generalized bicycle QLDPC codes	not specified	1e-3	NA	1e-6	NA	NA	NA	NA	NA	repeat-until-success synthesis for arbitrary Z rotations; pout=1e-9 magic engines; Pinnacle Architecture; generalized bicycle QLDPC code blocks; quasi-local bounded-distance connectivity; physical modality not specified	Tゲート数: [1.7e6](https://arxiv.org/pdf/2012.09238#page=6); 深さ/サイクル: [8e6 logical-cycle upper bound](https://arxiv.org/pdf/2602.11457#page=14); 物理仮定: [Pinnacle uses QLDPC code blocks and is intended for a range of hardware platforms; physical modality is not fixed](https://arxiv.org/pdf/2602.11457#page=2)	代表サイズのみ追加。Table IVには偶数L=8-32の全行あり。論理量子ビット数はWebsterのN=2L^2+2。Tゲート数はWebster Eq. (16) が参照する Campbell 2022 Table II のPLAQ T gates (NT) をLごとに使用。計算式: Webster Eq. (16) / Campbell Eq. (F10) の tau = 6.203*sqrt(W)/(epsilon*(1-x))^(3/2) * (N_R*(1.15*log2(N_R*sqrt(3W)/(x*sqrt(1-x)*epsilon^(3/2))) + 9.2) + N_T)。ここでN_T=12L^2、N_R=4L^2、epsilon=0.005*E0で、xは誤差配分の最適化パラメータ。深さ/サイクル(count)はWebsterがPinnacle実行時間に使うlogical cycles upper bound 8e6。 状態準備: Table IVはone shotの見積もり。完全な基底状態エネルギー決定にはinitial stateと真の基底状態のoverlapに依存する複数shotが必要で、shotは直列または並列に実行できると述べる。初期状態準備回路コストは別途数値化していない。 Pinnacle/QLDPCはデバイス種ではなく誤り訂正アーキテクチャとして扱う。物理量子ビット種は行ごとには固定されていない。	NA	NA	NA	NA
2026-02-12	量子シミュレーション / Fermi-Hubbard基底状態エネルギー推定	[Webster et al. 2026 Table IV](https://arxiv.org/pdf/2602.11457#page=14)	L=8x8, u=4, relative error <=0.5%	Pinnacle architecture / one shot / measurement time 1us	0	1.3e2	5.6e3	NA	1.7e6	NA	NA	8e6	1.08e2	NA	NA	Pinnacle Architecture / generalized bicycle QLDPC codes	not specified	1e-4	NA	1e-6	NA	NA	NA	NA	NA	repeat-until-success synthesis for arbitrary Z rotations; pout=1e-9 magic engines; Pinnacle Architecture; generalized bicycle QLDPC code blocks; quasi-local bounded-distance connectivity; physical modality not specified	Tゲート数: [1.7e6](https://arxiv.org/pdf/2012.09238#page=6); 深さ/サイクル: [8e6 logical-cycle upper bound](https://arxiv.org/pdf/2602.11457#page=14); 物理仮定: [Pinnacle uses QLDPC code blocks and is intended for a range of hardware platforms; physical modality is not fixed](https://arxiv.org/pdf/2602.11457#page=2)	代表サイズのみ追加。Table IVには偶数L=8-32の全行あり。論理量子ビット数はWebsterのN=2L^2+2。Tゲート数はWebster Eq. (16) が参照する Campbell 2022 Table II のPLAQ T gates (NT) をLごとに使用。計算式: Webster Eq. (16) / Campbell Eq. (F10) の tau = 6.203*sqrt(W)/(epsilon*(1-x))^(3/2) * (N_R*(1.15*log2(N_R*sqrt(3W)/(x*sqrt(1-x)*epsilon^(3/2))) + 9.2) + N_T)。ここでN_T=12L^2、N_R=4L^2、epsilon=0.005*E0で、xは誤差配分の最適化パラメータ。深さ/サイクル(count)はWebsterがPinnacle実行時間に使うlogical cycles upper bound 8e6。 状態準備: Table IVはone shotの見積もり。完全な基底状態エネルギー決定にはinitial stateと真の基底状態のoverlapに依存する複数shotが必要で、shotは直列または並列に実行できると述べる。初期状態準備回路コストは別途数値化していない。 Pinnacle/QLDPCはデバイス種ではなく誤り訂正アーキテクチャとして扱う。物理量子ビット種は行ごとには固定されていない。	NA	NA	NA	NA
2026-02-12	RSA整数の素因数分解	[Webster et al. 2026](https://arxiv.org/pdf/2602.11457#page=18)	RSA-2048	QLDPC/Pinnacle architecture物理実装込み / physical qubits option 1	0	2.3e1	9.4e4	NA	NA	NA	NA	NA	NA	NA	NA	Pinnacle Architecture / generalized bicycle QLDPC codes	not specified	1e-3	NA	1e-6	1e-5	NA	NA	NA	NA	Pinnacle Architecture; generalized bicycle QLDPC code blocks; quasi-local bounded-distance connectivity; physical modality not specified	論理量子ビット: [Eq. 23](https://arxiv.org/pdf/2602.11457#page=16); 物理量子ビット: [9.4e4;1.35e5;3.81e5](https://arxiv.org/pdf/2602.11457#page=18); 物理仮定: [Pinnacle uses QLDPC code blocks and is intended for a range of hardware platforms; physical modality is not fixed](https://arxiv.org/pdf/2602.11457#page=2)	1年と1か月が同じ94 kqなのは、時間制約ではなく最小実装サイズの下限が効いているためと解釈できる。他ゲート種の総数はこの表では記載なし。論理ゲート数はサブルーチンごとのT count式としてTable Vに記載され、単一スカラー値はNA。 Pinnacle/QLDPCはデバイス種ではなく誤り訂正アーキテクチャとして扱う。物理量子ビット種は行ごとには固定されていない。	NA	NA	NA	NA
2026-02-12	RSA整数の素因数分解	[Webster et al. 2026](https://arxiv.org/pdf/2602.11457#page=18)	RSA-2048	QLDPC/Pinnacle architecture物理実装込み / physical qubits option 2	0	2.3e1	1.35e5	NA	NA	NA	NA	NA	NA	NA	NA	Pinnacle Architecture / generalized bicycle QLDPC codes	not specified	1e-3	NA	1e-6	1e-5	NA	NA	NA	NA	Pinnacle Architecture; generalized bicycle QLDPC code blocks; quasi-local bounded-distance connectivity; physical modality not specified	論理量子ビット: [Eq. 23](https://arxiv.org/pdf/2602.11457#page=16); 物理量子ビット: [9.4e4;1.35e5;3.81e5](https://arxiv.org/pdf/2602.11457#page=18); 物理仮定: [Pinnacle uses QLDPC code blocks and is intended for a range of hardware platforms; physical modality is not fixed](https://arxiv.org/pdf/2602.11457#page=2)	1年と1か月が同じ94 kqなのは、時間制約ではなく最小実装サイズの下限が効いているためと解釈できる。他ゲート種の総数はこの表では記載なし。論理ゲート数はサブルーチンごとのT count式としてTable Vに記載され、単一スカラー値はNA。 Pinnacle/QLDPCはデバイス種ではなく誤り訂正アーキテクチャとして扱う。物理量子ビット種は行ごとには固定されていない。	NA	NA	NA	NA
2026-02-12	RSA整数の素因数分解	[Webster et al. 2026](https://arxiv.org/pdf/2602.11457#page=18)	RSA-2048	QLDPC/Pinnacle architecture物理実装込み / physical qubits option 3	0	2.3e1	3.81e5	NA	NA	NA	NA	NA	NA	NA	NA	Pinnacle Architecture / generalized bicycle QLDPC codes	not specified	1e-3	NA	1e-6	1e-5	NA	NA	NA	NA	Pinnacle Architecture; generalized bicycle QLDPC code blocks; quasi-local bounded-distance connectivity; physical modality not specified	論理量子ビット: [Eq. 23](https://arxiv.org/pdf/2602.11457#page=16); 物理量子ビット: [9.4e4;1.35e5;3.81e5](https://arxiv.org/pdf/2602.11457#page=18); 物理仮定: [Pinnacle uses QLDPC code blocks and is intended for a range of hardware platforms; physical modality is not fixed](https://arxiv.org/pdf/2602.11457#page=2)	1年と1か月が同じ94 kqなのは、時間制約ではなく最小実装サイズの下限が効いているためと解釈できる。他ゲート種の総数はこの表では記載なし。論理ゲート数はサブルーチンごとのT count式としてTable Vに記載され、単一スカラー値はNA。 Pinnacle/QLDPCはデバイス種ではなく誤り訂正アーキテクチャとして扱う。物理量子ビット種は行ごとには固定されていない。	NA	NA	NA	NA
2026-03-30	ECDLP / secp256k1	[Babbush et al. 2026](https://arxiv.org/pdf/2603.28846#page=8)	secp256k1 / 256-bit ECDLP	Google Quantum AI/Ethereum Foundation whitepaper / 低Toffoli案 / primed on-spend attack	0	1.45e3	5e5	7e7	NA	NA	NA	NA	5.4e2	NA	superconducting qubit architecture	surface code + dense/yoked surface-code storage	superconducting qubits	1e-3	NA	NA	1e-5	NA	NA	NA	NA	planar degree-four connectivity; standard superconducting architecture; reaction-limited execution; dense/yoked surface-code storage	物理量子ビット: [5e5](https://arxiv.org/pdf/2603.28846#page=8); 実行時間: [5.4e2](https://arxiv.org/pdf/2603.28846#page=8); 物理仮定: [superconducting architectures with p=1e-3 and planar connectivity](https://arxiv.org/pdf/2603.28846#page=1); 誤り訂正: [surface code architecture with dense/yoked surface-code storage](https://arxiv.org/pdf/2603.28846#page=8)	本文では1450 logical qubits and 70 million Toffoli gatesの案。70M/90M Toffoliを18/23 minで処理できると述べるため、70M案は18 minに対応。RSA-2048推移図もFigure 3にあり。他ゲート種の総数はこの箇所では記載なし。 デバイス欄はsuperconducting qubit architectureのみを表し、planar degree-four connectivityは通信・接続性仮定、surface code/yoked storageは誤り訂正符号として分離。	NA	NA	NA	NA
2026-03-30	ECDLP / secp256k1	[Babbush et al. 2026](https://arxiv.org/pdf/2603.28846#page=8)	secp256k1 / 256-bit ECDLP	Google Quantum AI/Ethereum Foundation whitepaper / 低Toffoli案 / 通常攻撃	0	1.45e3	5e5	7e7	NA	NA	NA	NA	1.08e3	NA	superconducting qubit architecture	surface code + dense/yoked surface-code storage	superconducting qubits	1e-3	NA	NA	1e-5	NA	NA	NA	NA	planar degree-four connectivity; standard superconducting architecture; reaction-limited execution; dense/yoked surface-code storage	物理量子ビット: [5e5](https://arxiv.org/pdf/2603.28846#page=8); 実行時間: [1.08e3](https://arxiv.org/pdf/2603.28846#page=8); 物理仮定: [superconducting architectures with p=1e-3 and planar connectivity](https://arxiv.org/pdf/2603.28846#page=1); 誤り訂正: [surface code architecture with dense/yoked surface-code storage](https://arxiv.org/pdf/2603.28846#page=8)	本文では1450 logical qubits and 70 million Toffoli gatesの案。70M/90M Toffoliを18/23 minで処理できると述べるため、70M案は18 minに対応。RSA-2048推移図もFigure 3にあり。他ゲート種の総数はこの箇所では記載なし。 デバイス欄はsuperconducting qubit architectureのみを表し、planar degree-four connectivityは通信・接続性仮定、surface code/yoked storageは誤り訂正符号として分離。	NA	NA	NA	NA
2026-03-30	ECDLP / secp256k1	[Babbush et al. 2026](https://arxiv.org/pdf/2603.28846#page=8)	secp256k1 / 256-bit ECDLP	Google Quantum AI/Ethereum Foundation whitepaper / 低qubit案 / primed on-spend attack	0	1.2e3	5e5	9e7	NA	NA	NA	NA	7.2e2	NA	superconducting qubit architecture	surface code + dense/yoked surface-code storage	superconducting qubits	1e-3	NA	NA	1e-5	NA	NA	NA	NA	planar degree-four connectivity; standard superconducting architecture; reaction-limited execution; dense/yoked surface-code storage	物理量子ビット: [5e5](https://arxiv.org/pdf/2603.28846#page=8); 実行時間: [7.2e2](https://arxiv.org/pdf/2603.28846#page=8); 物理仮定: [superconducting architectures with p=1e-3 and planar connectivity](https://arxiv.org/pdf/2603.28846#page=1); 誤り訂正: [surface code architecture with dense/yoked surface-code storage](https://arxiv.org/pdf/2603.28846#page=8)	本文では1200 logical qubits and 90 million Toffoli gatesの案。70M/90M Toffoliを18/23 minで処理できると述べるため、90M案は23 minに対応。他ゲート種の総数はこの箇所では記載なし。 デバイス欄はsuperconducting qubit architectureのみを表し、planar degree-four connectivityは通信・接続性仮定、surface code/yoked storageは誤り訂正符号として分離。	NA	NA	NA	NA
2026-03-30	ECDLP / secp256k1	[Babbush et al. 2026](https://arxiv.org/pdf/2603.28846#page=8)	secp256k1 / 256-bit ECDLP	Google Quantum AI/Ethereum Foundation whitepaper / 低qubit案 / 通常攻撃	0	1.2e3	5e5	9e7	NA	NA	NA	NA	1.38e3	NA	superconducting qubit architecture	surface code + dense/yoked surface-code storage	superconducting qubits	1e-3	NA	NA	1e-5	NA	NA	NA	NA	planar degree-four connectivity; standard superconducting architecture; reaction-limited execution; dense/yoked surface-code storage	物理量子ビット: [5e5](https://arxiv.org/pdf/2603.28846#page=8); 実行時間: [1.38e3](https://arxiv.org/pdf/2603.28846#page=8); 物理仮定: [superconducting architectures with p=1e-3 and planar connectivity](https://arxiv.org/pdf/2603.28846#page=1); 誤り訂正: [surface code architecture with dense/yoked surface-code storage](https://arxiv.org/pdf/2603.28846#page=8)	本文では1200 logical qubits and 90 million Toffoli gatesの案。70M/90M Toffoliを18/23 minで処理できると述べるため、90M案は23 minに対応。他ゲート種の総数はこの箇所では記載なし。 デバイス欄はsuperconducting qubit architectureのみを表し、planar degree-four connectivityは通信・接続性仮定、surface code/yoked storageは誤り訂正符号として分離。	NA	NA	NA	NA
2026-03-30	RSA整数の素因数分解	[Cain et al. 2026 Fig. 3b](https://arxiv.org/pdf/2603.28627#page=6)	RSA-2048	reconfigurable neutral-atom architecture / time-efficient P=100	0	6.144e3	6.8e4	5.3e9	NA	NA	NA	NA	7.517e7	NA	reconfigurable neutral-atom architecture	high-rate qLDPC / lifted-product codes + high-rate surgery	neutral atoms	NA	2e1	1e-3	NA	NA	NA	NA	NA	nbatch=2; gamma=2; high-rate surgeryによるparallel PPM/Toffoliを仮定; reconfigurable neutral-atom systems; high-rate qLDPC/lifted-product codes; high-rate surgery for parallel PPM/Toffoli	cycle/測定時間: [1e-3](https://arxiv.org/pdf/2603.28627#page=2); 物理量子ビット種: [reconfigurable neutral-atom systems / atomic qubits](https://arxiv.org/pdf/2603.28627#page=2); 誤り訂正符号: [high-rate qLDPC/lifted-product codes](https://arxiv.org/pdf/2603.28627#page=4)	Fig. 3bのtime-efficient, P=100の点。Fig. 3bではtime-efficient architectureにRef. [34]のRSA-2048回路（約6144 logical qubits、5.3e9 Toffoli gates）を使うと説明。他ゲート種の総数はこの表では記載なし。 デバイス欄は中性原子アーキテクチャのみを表し、high-rate codes/high-rate surgeryは誤り訂正符号・論理操作仮定として分離。	NA	NA	NA	NA
2026-03-30	RSA整数の素因数分解	[Cain et al. 2026 Fig. 3b](https://arxiv.org/pdf/2603.28627#page=6)	RSA-2048	reconfigurable neutral-atom architecture / time-efficient P=1160	0	6.144e3	1.02e5	5.3e9	NA	NA	NA	NA	8.381e6	NA	reconfigurable neutral-atom architecture	high-rate qLDPC / lifted-product codes + high-rate surgery	neutral atoms	NA	2e1	1e-3	NA	NA	NA	NA	NA	nbatch=2; gamma=2; high-rate surgeryによるparallel PPM/Toffoliを仮定; reconfigurable neutral-atom systems; high-rate qLDPC/lifted-product codes; high-rate surgery for parallel PPM/Toffoli	cycle/測定時間: [1e-3](https://arxiv.org/pdf/2603.28627#page=2); 物理量子ビット種: [reconfigurable neutral-atom systems / atomic qubits](https://arxiv.org/pdf/2603.28627#page=2); 誤り訂正符号: [high-rate qLDPC/lifted-product codes](https://arxiv.org/pdf/2603.28627#page=4)	Fig. 3bのtime-efficient, P=1160の点。Fig. 3bではtime-efficient architectureにRef. [34]のRSA-2048回路（約6144 logical qubits、5.3e9 Toffoli gates）を使うと説明。図の注記はone significant figure。他ゲート種の総数はこの表では記載なし。 デバイス欄は中性原子アーキテクチャのみを表し、high-rate codes/high-rate surgeryは誤り訂正符号・論理操作仮定として分離。	NA	NA	NA	NA
2026-03-30	ECC / ECDLP	[Cain et al. 2026 Fig. 3c](https://arxiv.org/pdf/2603.28627#page=6)	ECC-256	reconfigurable neutral-atom architecture / time-efficient P=130	0	1.45e3	2.6e4	7e7	NA	NA	NA	NA	8.64e5	NA	reconfigurable neutral-atom architecture	high-rate qLDPC / lifted-product codes + high-rate surgery	neutral atoms	NA	2e1	1e-3	NA	NA	NA	NA	NA	P=130; nbatch=1; gamma=2; high-rate surgeryによるparallel PPM/Toffoliを仮定; reconfigurable neutral-atom systems; high-rate qLDPC/lifted-product codes; high-rate surgery for parallel PPM/Toffoli	cycle/測定時間: [1e-3](https://arxiv.org/pdf/2603.28627#page=2); 物理量子ビット種: [reconfigurable neutral-atom systems / atomic qubits](https://arxiv.org/pdf/2603.28627#page=2); 誤り訂正符号: [high-rate qLDPC/lifted-product codes](https://arxiv.org/pdf/2603.28627#page=4)	Fig. 3cのtime-efficient, P=130の点。Fig. 3cではtime-efficient側にRef. [55](2)のECC-256回路（1450 logical qubits、70M Toffoli gates）を使う。Appendix FではECC-256についてP=20とP=130を考え、P=20は約19000 qubits、P=130は約26000 qubitsと説明。図の注記はone significant figure。他ゲート種の総数はこの表では記載なし。 デバイス欄は中性原子アーキテクチャのみを表し、high-rate codes/high-rate surgeryは誤り訂正符号・論理操作仮定として分離。	NA	NA	NA	NA
2026-03-30	ECC / ECDLP	[Cain et al. 2026 Fig. 3c](https://arxiv.org/pdf/2603.28627#page=6)	ECC-256	reconfigurable neutral-atom architecture / time-efficient P=20	0	1.45e3	1.9e4	7e7	NA	NA	NA	NA	4.493e6	NA	reconfigurable neutral-atom architecture	high-rate qLDPC / lifted-product codes + high-rate surgery	neutral atoms	NA	2e1	1e-3	NA	NA	NA	NA	NA	P=20; nbatch=1; gamma=2; high-rate surgeryによるparallel PPM/Toffoliを仮定; reconfigurable neutral-atom systems; high-rate qLDPC/lifted-product codes; high-rate surgery for parallel PPM/Toffoli	cycle/測定時間: [1e-3](https://arxiv.org/pdf/2603.28627#page=2); 物理量子ビット種: [reconfigurable neutral-atom systems / atomic qubits](https://arxiv.org/pdf/2603.28627#page=2); 誤り訂正符号: [high-rate qLDPC/lifted-product codes](https://arxiv.org/pdf/2603.28627#page=4)	Fig. 3cのtime-efficient, P=20の点。Fig. 3cではtime-efficient側にRef. [55](2)のECC-256回路（1450 logical qubits、70M Toffoli gates）を使う。Appendix FではECC-256についてP=20とP=130を考え、P=20は約19000 qubits、P=130は約26000 qubitsと説明。図の注記はone significant figure。他ゲート種の総数はこの表では記載なし。 デバイス欄は中性原子アーキテクチャのみを表し、high-rate codes/high-rate surgeryは誤り訂正符号・論理操作仮定として分離。	NA	NA	NA	NA
2026-05-05	その他 / 1D Fermi-Hubbard quench dynamics	[Hartnett et al. 2026](https://arxiv.org/pdf/2605.04025#page=1)	L=60 chain, 120 qubits, t=6, 30 Trotter steps	Hartnett/Q-CTRL IBM Heron experiment / no error correction / Rausch TDVP GPU baseline	1	1.2e2	1.2e2	NA	NA	NA	9.057e3	1.52e2	1.66e2	NA	IBM Heron processor ibm_boston	NA	superconducting qubits	1.2e-2	NA	NA	NA	2e4	NA	NA	NA	no error correction; 1D Fermi-Hubbard quench dynamics; pair-interleaved Jordan-Wigner mapping; application-aware compilation; deterministic error suppression; randomized compiling; 20,000 shots per circuit; physical qubits treated as logical qubits; quantum runtime is bare QPU execution time; physical error rate is a public Heron EPLG estimate, not an ibm_boston run-specific calibration	量子実験: [L=60, 120 qubits, t=6, 30 Trotter steps](https://arxiv.org/pdf/2605.04025#page=1); circuit: [120 qubits, 9057 two-qubit gates, 152 layers, ibm_boston Heron, 20000 shots per circuit](https://arxiv.org/pdf/2605.04025#page=5); 量子実行時間: [2 minutes 46 seconds = 166 s](https://arxiv.org/pdf/2605.04025#page=8); 古典時間: [U(1)xSU(2) TDVP comparable expressive power chi≈4880 completes in about 100 minutes](https://arxiv.org/pdf/2606.04771#page=4); 推定物理エラー率: [IBM Heron ibm_montecarlo N=100 EPLG = 1.2e-2](https://arxiv.org/pdf/2311.05933#page=1)	誤り訂正なし実験なので、グラフ用には論理量子ビット数=物理量子ビット数として扱う。古典計算時間は、Hartnett et al.が比較したITensor CPU baseline >160 hではなく、Rausch et al. 2026の後続GPU TDVP baselineを採用。その他論理ゲート数には報告されたtwo-qubit gate countを入れる。物理エラー率はHartnett et al.本文の行対応キャリブレーション値ではなく、McKay et al. 2023のIBM Heron公開EPLGに基づく推定値（N=100 chain EPLG 1.2e-2）。readout error median 0.4%は読み出し誤りであり、物理ゲートエラーとしては採用しない。	6e3	NA	Rausch et al. 2026 U(1)xSU(2)-symmetric TDVP GPU baseline; chi≈4880 comparable expressive power; fp32; one NVIDIA H200 GPU; t=6; approximately 100 minutes; revised quantum advantage about 36x compared with bare QPU time 166 s	古典計算時間: [Table 1: U(1)xSU(2), fp32, chi=4880, one GPU, 1 h 40 m](https://arxiv.org/pdf/2606.04771#page=4); 比較: [revised quantum advantage about 36x rather than 3000x](https://arxiv.org/pdf/2606.04771#page=4)
2026-05-05	RSA整数の素因数分解	[Xue and Covey 2026 Table II](https://arxiv.org/pdf/2605.03951#page=9)	RSA-1024	modular neutral-atom processor / DShor	0	NA	2.96e5	NA	NA	NA	NA	NA	2.367e6	NA	modular neutral atom / 6 QPUs + 1 memory	surface code	neutral atoms	1e-3	2.3e1	1e-3	NA	9.2e0	NA	NA	NA	Table II: total qubits used excludes memory = 6 x Np; NL=40, Np=38088 per module; communication: 1e5 Bell pairs/s	NA	Table IIのNLは各QPUモジュール内のsurface-code logical qubits数で、memoryを除くper-module値。総論理量子ビット数ではないため主表の論理量子ビット欄はNA。物理量子ビット欄はTable IIのTotal qubits used (excluding memory)。	NA	NA	NA	NA
2026-05-05	RSA整数の素因数分解	[Xue and Covey 2026 Table II](https://arxiv.org/pdf/2605.03951#page=9)	RSA-1024	modular neutral-atom processor / DShor	0	NA	1.1e5	NA	NA	NA	NA	NA	1.866e6	NA	modular neutral atom / 6 QPUs + 1 memory	surface code	neutral atoms	1e-4	1.4e1	1e-3	NA	9.2e0	NA	NA	NA	Table II: total qubits used excludes memory = 6 x Np; NL=40, Np=14112 per module; communication: 1e5 Bell pairs/s	NA	Table IIのNLは各QPUモジュール内のsurface-code logical qubits数で、memoryを除くper-module値。総論理量子ビット数ではないため主表の論理量子ビット欄はNA。物理量子ビット欄はTable IIのTotal qubits used (excluding memory)。	NA	NA	NA	NA
2026-05-05	RSA整数の素因数分解	[Xue and Covey 2026 Table II](https://arxiv.org/pdf/2605.03951#page=9)	RSA-2048	modular neutral-atom processor / DShor	0	NA	3.68e5	NA	NA	NA	NA	NA	1.645e7	NA	modular neutral atom / 6 QPUs + 1 memory	surface code	neutral atoms	1e-3	2.5e1	1e-3	NA	9.2e0	NA	NA	NA	Table II: total qubits used excludes memory = 6 x Np; NL=49, Np=61250 per module; communication: 1e5 Bell pairs/s	NA	Table IIのNLは各QPUモジュール内のsurface-code logical qubits数で、memoryを除くper-module値。総論理量子ビット数ではないため主表の論理量子ビット欄はNA。物理量子ビット欄はTable IIのTotal qubits used (excluding memory)。Table Iのmemory内Qexponent=100000 qとQacc=45000 qを足すと512500 qで、タイトルのhalf-millionに対応する。tmea=0.25 ms行もTable IIにあり。	NA	NA	NA	NA
2026-05-05	RSA整数の素因数分解	[Xue and Covey 2026 Table II](https://arxiv.org/pdf/2605.03951#page=9)	RSA-2048	modular neutral-atom processor / DShor	0	NA	1.32e5	NA	NA	NA	NA	NA	1.281e7	NA	modular neutral atom / 6 QPUs + 1 memory	surface code	neutral atoms	1e-4	1.5e1	1e-3	NA	9.2e0	NA	NA	NA	Table II: total qubits used excludes memory = 6 x Np; NL=49, Np=22050 per module; communication: 1e5 Bell pairs/s	NA	Table IIのNLは各QPUモジュール内のsurface-code logical qubits数で、memoryを除くper-module値。総論理量子ビット数ではないため主表の論理量子ビット欄はNA。物理量子ビット欄はTable IIのTotal qubits used (excluding memory)。tmea=0.25 ms行もTable IIにあり。	NA	NA	NA	NA
2026-05-05	RSA整数の素因数分解	[Xue and Covey 2026 Table II](https://arxiv.org/pdf/2605.03951#page=9)	RSA-4096	modular neutral-atom processor / DShor	0	NA	4.29e5	NA	NA	NA	NA	NA	9.377e7	NA	modular neutral atom / 6 QPUs + 1 memory	surface code	neutral atoms	1e-3	2.7e1	1e-3	NA	9.2e0	NA	NA	NA	Table II: total qubits used excludes memory = 6 x Np; NL=49, Np=71442 per module; communication: 1e5 Bell pairs/s	NA	Table IIのNLは各QPUモジュール内のsurface-code logical qubits数で、memoryを除くper-module値。総論理量子ビット数ではないため主表の論理量子ビット欄はNA。物理量子ビット欄はTable IIのTotal qubits used (excluding memory)。	NA	NA	NA	NA
2026-05-05	RSA整数の素因数分解	[Xue and Covey 2026 Table II](https://arxiv.org/pdf/2605.03951#page=9)	RSA-4096	modular neutral-atom processor / DShor	0	NA	1.51e5	NA	NA	NA	NA	NA	7.847e7	NA	modular neutral atom / 6 QPUs + 1 memory	surface code	neutral atoms	1e-4	1.6e1	1e-3	NA	9.2e0	NA	NA	NA	Table II: total qubits used excludes memory = 6 x Np; NL=49, Np=25088 per module; communication: 1e5 Bell pairs/s	NA	Table IIのNLは各QPUモジュール内のsurface-code logical qubits数で、memoryを除くper-module値。総論理量子ビット数ではないため主表の論理量子ビット欄はNA。物理量子ビット欄はTable IIのTotal qubits used (excluding memory)。	NA	NA	NA	NA
2026-06-01	ECDLP / secp256k1	[Schrottenloher 2026 Table 2](https://arxiv.org/pdf/2606.02235#page=4)	secp256k1	論理回路見積もり / Shor全体 gate-optimized	0	1.462e3	NA	5.762e7	NA	NA	NA	NA	NA	NA	NA	NA	NA	NA	NA	NA	NA	NA	NA	NA	NA	NA	NA	logical quantum circuitsのみ。物理実装制約なしと明記。Babbush et al. 2026 の公開回路版に近い位置づけ。対応するpoint addition単体はTable 1で1446 q / 2^20.83 Toffolis。他ゲート種の総数はこの表では記載なし。	NA	NA	NA	NA
2026-06-01	ECDLP / secp256k1	[Schrottenloher 2026 Table 2](https://arxiv.org/pdf/2606.02235#page=4)	secp256k1	論理回路見積もり / Shor全体 space-optimized	0	1.208e3	NA	7.243e7	NA	NA	NA	NA	NA	NA	NA	NA	NA	NA	NA	NA	NA	NA	NA	NA	NA	NA	NA	logical quantum circuitsのみ。物理実装制約なしと明記。Babbush et al. 2026 の公開回路版に近い位置づけ。対応するpoint addition単体はTable 1で1192 q / 2^21.19 Toffolis。他ゲート種の総数はこの表では記載なし。	NA	NA	NA	NA
